node_1,node_2,Strength
1,2,10
1,3,10
1,4,10
1,5,10
1,6,10
1,7,6
1,8,1
1,1094,1
1,1095,1
1,1100,2
2,3,10
2,4,10
2,5,10
2,6,10
2,8,5
3,4,10
3,5,10
3,6,10
4,5,10
4,6,10
5,6,10
5,7,1
5,8,1
5,1094,4
5,1096,5
5,1100,2
6,1094,1
6,1095,2
6,1096,1
6,1097,5
6,1100,1
7,8,10
7,9,10
7,10,10
7,15,1
7,32,1
7,37,3
7,146,1
7,966,4
7,994,6
8,9,10
8,10,10
8,38,4
8,942,1
8,943,2
8,995,6
9,10,10
11,12,10
11,13,10
11,14,10
11,15,5
11,16,1
11,109,3
11,110,2
11,138,3
11,476,1
11,681,5
12,13,10
12,14,10
12,16,3
13,14,10
14,15,1
14,16,5
14,87,6
14,110,2
14,138,1
15,16,10
15,17,10
15,18,6
15,21,7
15,27,1
15,236,1
15,988,6
16,17,10
16,18,1
16,19,5
16,27,5
16,232,3
16,237,1
16,801,1
16,966,2
16,989,3
16,1123,1
18,19,10
18,20,10
18,32,4
19,20,10
21,22,10
21,23,10
21,24,10
21,25,10
21,1095,1
22,23,10
22,24,10
22,25,10
23,24,10
23,25,10
24,25,10
26,27,10
26,28,10
26,29,10
26,32,6
26,53,1
26,90,2
26,146,2
26,232,6
26,265,6
26,291,4
26,292,1
27,28,10
27,29,10
27,33,2
27,38,2
27,90,3
27,266,3
27,292,3
27,296,1
27,801,1
28,29,10
30,31,10
32,33,10
32,34,10
32,35,10
32,36,10
32,37,5
32,265,5
32,273,3
32,274,1
32,278,6
32,279,1
32,520,1
32,918,1
33,34,10
33,35,10
33,36,10
33,83,5
33,85,5
33,266,6
33,273,1
33,274,2
33,278,1
33,279,1
33,989,6
34,35,10
34,36,10
35,36,10
37,38,10
37,39,10
37,40,10
37,41,10
37,236,1
37,251,1
38,39,10
38,40,10
38,41,10
38,51,6
38,251,5
38,323,2
39,40,10
39,41,10
39,92,2
40,41,10
40,239,6
42,43,10
42,44,10
42,45,10
42,46,10
42,47,10
42,48,10
42,49,10
42,482,6
42,779,1
42,798,3
42,942,6
42,966,6
42,1021,1
43,44,10
43,45,10
43,46,10
43,47,10
43,48,10
43,49,10
43,469,1
43,483,2
43,779,1
43,780,3
43,798,3
43,799,3
43,967,6
43,1021,1
44,45,10
44,46,10
44,47,10
44,48,10
44,49,10
45,46,10
45,47,10
45,48,10
45,49,10
46,47,10
46,48,10
46,49,10
47,48,10
47,49,10
48,49,10
48,51,2
48,793,1
48,794,1
49,51,2
49,932,1
49,1106,6
50,51,10
50,52,10
50,236,4
50,269,3
51,52,10
51,784,1
51,805,1
51,828,6
51,924,1
51,1012,1
51,1031,3
52,974,3
53,54,10
53,55,10
53,56,10
53,57,10
53,476,2
53,525,3
53,605,2
53,784,1
53,790,2
54,55,10
54,56,10
54,57,10
54,81,4
54,526,2
54,606,8
54,784,2
54,790,2
55,56,10
55,57,10
56,57,10
58,59,10
58,82,2
58,84,2
58,89,4
59,202,1
60,61,10
60,62,10
60,63,10
60,64,10
61,62,10
61,63,10
61,64,10
62,63,10
62,64,10
63,64,10
65,66,10
67,68,10
67,69,10
67,70,10
67,142,3
67,143,1
68,69,10
68,70,10
68,143,3
69,70,10
72,73,10
72,74,10
72,75,10
72,76,10
72,77,5
72,96,6
72,115,5
72,142,3
72,344,1
72,361,3
72,374,7
72,385,1
72,461,2
72,497,6
72,508,1
72,743,6
72,744,1
72,876,1
72,1011,5
72,1078,1
73,74,10
73,75,10
73,76,10
73,78,6
73,85,1
73,97,1
73,98,1
73,116,1
73,143,4
74,75,10
74,76,10
75,76,10
76,77,2
76,78,1
76,1004,4
77,78,10
77,79,10
77,80,10
77,82,4
77,96,3
77,190,6
77,966,4
77,1094,6
78,79,10
78,80,10
78,81,7
78,83,6
78,85,6
78,97,5
78,1095,1
79,80,10
81,82,4
81,83,2
81,84,1
81,486,1
81,487,1
82,83,10
82,84,10
82,85,10
82,159,1
82,374,1
82,486,5
82,749,5
82,863,3
82,1110,6
83,84,10
83,85,10
83,97,4
83,198,1
83,477,1
83,486,1
83,864,1
84,85,10
84,159,2
84,183,4
84,461,4
84,486,1
84,971,4
84,1116,2
85,97,2
85,486,1
85,487,2
86,87,10
86,88,10
86,322,3
86,352,1
87,88,10
87,323,1
89,90,10
89,91,10
89,200,1
89,202,1
89,211,1
89,216,3
89,253,1
89,322,3
89,323,1
89,496,1
90,91,10
90,191,2
90,200,1
90,202,4
90,206,1
90,211,2
90,221,6
90,228,1
90,232,1
90,322,1
90,323,1
92,93,10
92,94,10
92,95,10
92,201,6
92,220,3
92,234,4
92,269,1
92,293,1
92,295,5
93,94,10
93,95,10
94,95,10
94,295,2
94,296,1
94,613,1
95,202,1
95,296,2
95,613,1
96,97,10
96,98,10
96,99,10
96,100,10
96,138,1
96,151,1
96,382,7
96,436,6
96,494,1
96,497,2
96,746,3
96,907,2
96,968,1
97,98,10
97,99,10
97,100,10
97,116,2
97,151,1
97,152,4
97,180,4
97,206,3
97,382,1
97,494,1
97,744,2
98,99,10
98,100,10
98,111,3
98,116,2
98,151,1
98,180,3
98,206,2
98,417,3
98,494,1
99,100,10
101,102,10
101,103,10
101,104,10
101,105,10
101,106,10
101,107,10
101,108,10
101,109,5
101,115,2
101,179,1
101,361,1
101,415,1
101,870,8
101,918,1
101,919,1
102,103,10
102,104,10
102,105,10
102,106,10
102,107,10
102,108,10
102,110,6
102,116,4
102,180,1
102,871,4
103,104,10
103,105,10
103,106,10
103,107,10
103,108,10
104,105,10
104,106,10
104,107,10
104,108,10
105,106,10
105,107,10
105,108,10
105,115,5
105,415,1
106,107,10
106,108,10
107,108,10
109,110,10
109,111,10
109,112,10
109,113,10
109,114,10
109,115,2
109,125,8
109,138,1
109,179,1
109,188,5
109,212,1
109,374,3
109,385,7
109,530,4
109,536,1
109,1137,4
110,111,10
110,112,10
110,113,10
110,114,10
110,116,6
110,126,5
110,138,1
110,139,5
110,185,4
110,191,1
110,386,8
110,487,1
110,531,1
110,536,1
110,868,1
111,112,10
111,113,10
111,114,10
111,136,2
111,138,1
111,139,4
111,418,4
111,531,3
111,536,1
111,815,1
111,845,4
111,920,1
112,113,10
112,114,10
113,114,10
115,116,10
115,117,10
115,118,10
115,119,10
115,120,10
115,138,8
115,385,5
115,411,5
115,847,2
115,1153,2
116,117,10
116,118,10
116,119,10
116,120,10
116,126,4
116,139,6
116,386,3
116,412,5
116,847,1
116,1153,1
117,118,10
117,119,10
117,120,10
118,119,10
118,120,10
119,120,10
121,122,10
121,123,10
121,124,10
121,216,4
121,232,3
121,562,1
121,563,1
122,123,10
122,124,10
122,563,2
123,124,10
124,201,1
125,126,10
125,127,10
125,128,10
125,129,10
125,130,6
125,131,1
125,132,6
125,133,1
125,138,1
125,139,2
125,142,2
125,613,2
125,614,1
125,806,1
125,1137,1
126,127,10
126,128,10
126,129,10
126,130,1
126,131,5
126,133,5
126,139,5
127,128,10
127,129,10
128,129,10
130,131,10
130,132,10
130,133,10
130,134,10
130,135,6
130,138,3
130,427,3
130,614,1
131,132,10
131,133,10
131,134,10
131,135,2
131,139,5
131,143,4
131,437,1
131,489,1
132,133,10
132,134,10
132,135,6
132,436,6
133,134,10
133,137,1
133,139,5
133,180,6
133,984,1
135,136,10
135,137,10
135,142,2
135,159,4
135,488,1
135,520,1
135,525,1
135,530,1
135,531,6
136,137,10
136,143,3
136,160,3
136,521,1
137,161,6
137,417,7
138,139,10
138,140,10
138,141,10
138,156,5
138,157,1
138,175,1
138,176,1
138,352,5
138,353,2
138,354,4
138,355,3
138,356,4
138,357,1
138,360,3
138,361,4
138,362,1
138,363,1
138,374,4
138,385,2
138,497,4
138,508,1
138,530,2
138,562,6
138,605,2
138,705,1
138,793,1
138,867,1
138,1137,3
139,140,10
139,141,10
139,147,6
139,157,4
139,353,5
139,355,2
139,357,2
139,360,3
139,362,2
139,487,1
139,868,1
140,141,10
141,1106,1
142,143,10
142,144,10
142,145,10
142,146,5
142,175,4
142,344,7
142,345,1
142,348,1
142,411,1
142,427,1
142,609,1
142,613,1
142,1141,1
143,144,10
143,145,10
143,147,5
143,176,4
143,344,1
143,345,7
143,348,1
143,412,3
143,614,1
143,1143,3
144,145,10
144,161,4
146,147,10
146,148,10
146,149,10
146,150,10
146,159,1
146,175,4
146,220,2
146,228,1
146,436,3
146,477,1
146,938,5
146,939,3
146,1137,5
147,148,10
147,149,10
147,150,10
147,160,2
147,175,2
147,176,6
147,437,4
147,938,1
147,939,2
147,1138,4
148,149,10
148,150,10
149,150,10
150,487,1
151,152,10
151,153,10
151,154,10
151,155,10
151,159,1
152,153,10
152,154,10
152,155,10
153,154,10
153,155,10
154,155,10
156,157,10
156,158,10
156,159,7
156,163,1
156,175,2
156,352,1
156,488,1
156,525,1
156,605,4
156,606,1
157,158,10
157,159,2
157,160,6
157,161,5
157,164,1
157,176,1
157,489,1
157,605,1
157,606,2
158,461,1
159,160,10
159,161,10
159,162,10
159,190,1
159,232,1
159,372,1
159,415,5
159,488,4
159,489,1
159,490,1
159,605,1
159,1138,2
160,161,10
160,162,10
160,191,3
160,416,4
160,428,5
160,488,1
160,1138,3
161,162,10
161,416,1
161,488,1
161,489,1
163,164,10
163,165,10
163,705,8
163,863,1
163,864,1
163,867,3
163,868,1
163,918,1
164,165,10
164,706,4
164,868,2
166,167,10
166,168,10
166,169,10
166,170,10
166,743,4
166,744,1
167,168,10
167,169,10
167,170,10
167,732,3
167,790,3
168,169,10
168,170,10
169,170,10
169,175,1
171,172,10
171,173,10
171,174,10
171,392,7
171,411,4
171,412,1
171,530,2
171,743,1
172,173,10
172,174,10
172,176,5
172,412,5
172,531,1
173,174,10
175,176,10
175,177,10
175,178,10
175,220,3
175,352,2
175,1137,1
176,177,10
176,178,10
176,1138,3
176,1143,1
177,178,10
177,829,4
178,461,3
179,180,10
179,181,10
179,182,10
179,183,4
179,184,1
179,185,2
179,525,4
179,526,1
179,530,6
180,181,10
180,182,10
180,184,8
180,185,8
180,382,1
180,384,5
180,502,1
180,525,1
180,526,2
180,531,4
181,182,10
183,184,10
183,185,10
184,185,10
185,187,1
185,390,1
185,525,2
185,526,5
186,187,10
186,188,10
186,189,10
186,476,1
186,810,4
186,811,1
187,188,10
187,189,10
188,189,10
190,191,10
190,192,10
190,193,10
190,194,10
190,810,1
190,811,1
190,1094,1
191,192,10
191,193,10
191,194,10
192,193,10
192,194,10
193,194,10
195,196,10
195,197,10
195,198,10
195,199,10
195,200,10
196,197,10
196,198,10
196,199,10
196,200,10
197,198,10
197,199,10
197,200,10
198,199,10
198,200,10
198,418,1
199,200,10
201,202,10
201,203,10
201,204,10
201,205,10
201,217,1
201,220,7
201,295,2
201,322,2
201,966,4
201,1061,2
202,203,10
202,204,10
202,205,10
202,206,5
202,220,1
202,221,6
202,232,1
202,296,2
202,1062,5
203,204,10
203,205,10
204,205,10
206,207,10
206,208,10
206,209,10
206,210,10
206,211,10
206,221,1
207,208,10
207,209,10
207,210,10
207,211,10
208,209,10
208,210,10
208,211,10
209,210,10
209,211,10
210,211,10
212,213,10
212,214,10
212,215,10
212,216,6
212,217,3
212,436,1
212,530,1
212,531,1
213,214,10
213,215,10
213,217,5
213,274,4
214,215,10
216,217,10
216,218,10
216,219,10
216,220,3
216,228,4
216,273,4
216,278,2
216,368,1
217,218,10
217,219,10
217,228,3
217,229,4
217,274,3
217,279,6
217,368,7
217,780,1
217,967,3
218,219,10
220,221,10
220,222,10
220,223,10
220,224,10
220,225,10
220,228,8
220,285,1
221,222,10
221,223,10
221,224,10
221,225,10
221,228,3
221,229,3
221,235,1
221,237,2
221,239,1
221,286,1
221,1148,2
222,223,10
222,224,10
222,225,10
223,224,10
223,225,10
224,225,10
224,325,5
224,326,1
225,326,6
226,227,10
226,228,10
226,229,10
226,230,10
226,231,10
227,228,10
227,229,10
227,230,10
227,231,10
228,229,10
228,230,10
228,231,10
228,232,8
228,278,8
228,291,3
228,295,2
228,530,5
229,230,10
229,231,10
229,233,2
229,235,7
229,237,6
229,239,1
229,274,4
229,279,7
229,291,1
229,292,6
229,296,2
230,231,10
232,233,10
232,234,10
232,235,10
232,236,5
232,237,2
232,240,3
232,269,3
233,234,10
233,235,10
233,236,1
233,237,2
233,240,1
233,241,4
233,279,6
233,967,4
234,235,10
235,236,2
235,237,1
235,240,1
235,279,1
235,281,7
236,237,10
236,238,10
236,239,10
236,240,6
236,269,6
237,238,10
237,239,10
237,251,5
237,270,7
238,239,10
239,240,1
239,241,3
239,270,3
239,280,3
239,291,1
239,292,2
240,241,10
240,242,10
240,243,10
240,244,10
240,269,5
240,806,2
241,242,10
241,243,10
241,244,10
241,251,1
241,270,4
241,806,1
242,243,10
242,244,10
243,244,10
245,246,10
245,247,10
245,248,10
245,249,10
245,250,10
245,251,1
245,1106,1
246,247,10
246,248,10
246,249,10
246,250,10
247,248,10
247,249,10
247,250,10
248,249,10
248,250,10
249,250,10
251,252,10
251,253,10
251,254,10
251,270,6
252,253,10
252,254,10
253,254,10
255,256,10
255,257,10
255,258,10
256,257,10
256,258,10
257,258,10
259,260,10
259,261,10
259,262,10
259,322,1
259,361,2
260,261,10
260,262,10
261,262,10
262,1011,1
263,264,10
264,274,1
264,326,1
265,266,10
265,267,10
265,268,10
265,269,2
265,270,1
266,267,10
266,268,10
266,270,3
267,268,10
269,270,10
269,271,10
269,272,10
269,273,1
269,284,1
269,656,3
270,271,10
270,272,10
270,273,1
270,286,5
271,272,10
273,274,10
273,275,10
273,276,10
273,277,10
273,278,8
273,279,1
273,302,7
273,336,2
273,473,2
273,996,2
274,275,10
274,276,10
274,277,10
274,278,1
274,279,5
274,296,1
275,276,10
275,277,10
276,277,10
278,279,10
278,280,10
278,281,10
278,282,10
278,285,3
278,295,3
278,325,1
278,800,1
279,280,10
279,281,10
279,282,10
279,296,5
279,311,2
279,326,2
280,281,10
280,282,10
281,282,10
283,284,10
285,286,10
285,287,10
285,288,10
285,289,10
285,322,6
285,325,4
285,344,1
285,613,1
286,287,10
286,288,10
286,289,10
286,323,7
287,288,10
287,289,10
288,289,10
291,292,10
291,293,10
291,294,10
291,302,5
291,318,4
292,293,10
292,294,10
292,303,5
292,319,4
292,323,1
293,294,10
295,296,10
295,297,10
295,298,10
295,299,10
295,300,10
295,301,10
295,318,4
295,415,6
296,297,10
296,298,10
296,299,10
296,300,10
296,301,10
296,319,2
296,357,3
296,416,5
297,298,10
297,299,10
297,300,10
297,301,10
298,299,10
298,300,10
298,301,10
299,300,10
299,301,10
299,716,2
300,301,10
300,415,1
300,416,1
302,303,10
304,305,10
304,306,10
304,307,10
304,308,10
304,309,10
304,310,10
304,311,10
304,312,10
304,313,10
304,314,10
304,315,10
304,316,10
304,317,10
304,318,10
304,319,10
305,306,10
305,307,10
305,308,10
305,309,10
305,310,10
305,311,10
305,312,10
305,313,10
305,314,10
305,315,10
305,316,10
305,317,10
305,318,10
305,319,10
306,307,10
306,308,10
306,309,10
306,310,10
306,311,10
306,312,10
306,313,10
306,314,10
306,315,10
306,316,10
306,317,10
306,318,10
306,319,10
307,308,10
307,309,10
307,310,10
307,311,10
307,312,10
307,313,10
307,314,10
307,315,10
307,316,10
307,317,10
307,318,10
307,319,10
308,309,10
308,310,10
308,311,10
308,312,10
308,313,10
308,314,10
308,315,10
308,316,10
308,317,10
308,318,10
308,319,10
309,310,10
309,311,10
309,312,10
309,313,10
309,314,10
309,315,10
309,316,10
309,317,10
309,318,10
309,319,10
310,311,10
310,312,10
310,313,10
310,314,10
310,315,10
310,316,10
310,317,10
310,318,10
310,319,10
311,312,10
311,313,10
311,314,10
311,315,10
311,316,10
311,317,10
311,318,10
311,319,10
312,313,10
312,314,10
312,315,10
312,316,10
312,317,10
312,318,10
312,319,10
313,314,10
313,315,10
313,316,10
313,317,10
313,318,10
313,319,10
314,315,10
314,316,10
314,317,10
314,318,10
314,319,10
315,316,10
315,317,10
315,318,10
315,319,10
316,317,10
316,318,10
316,319,10
317,318,10
317,319,10
318,319,10
318,322,3
318,323,1
318,325,4
318,326,1
319,323,5
319,325,3
319,326,5
320,321,10
320,806,2
322,323,10
322,324,10
322,325,4
322,352,1
322,356,1
323,324,10
323,325,1
323,326,3
323,345,4
325,326,10
325,327,10
325,349,2
326,327,10
326,345,1
326,349,2
327,392,1
328,329,10
328,330,10
328,331,10
328,332,10
328,333,10
328,334,10
328,335,10
328,336,10
328,337,10
328,338,10
328,339,10
328,340,10
328,341,10
328,342,10
328,343,10
328,344,4
329,330,10
329,331,10
329,332,10
329,333,10
329,334,10
329,335,10
329,336,10
329,337,10
329,338,10
329,339,10
329,340,10
329,341,10
329,342,10
329,343,10
330,331,10
330,332,10
330,333,10
330,334,10
330,335,10
330,336,10
330,337,10
330,338,10
330,339,10
330,340,10
330,341,10
330,342,10
330,343,10
331,332,10
331,333,10
331,334,10
331,335,10
331,336,10
331,337,10
331,338,10
331,339,10
331,340,10
331,341,10
331,342,10
331,343,10
332,333,10
332,334,10
332,335,10
332,336,10
332,337,10
332,338,10
332,339,10
332,340,10
332,341,10
332,342,10
332,343,10
333,334,10
333,335,10
333,336,10
333,337,10
333,338,10
333,339,10
333,340,10
333,341,10
333,342,10
333,343,10
334,335,10
334,336,10
334,337,10
334,338,10
334,339,10
334,340,10
334,341,10
334,342,10
334,343,10
335,336,10
335,337,10
335,338,10
335,339,10
335,340,10
335,341,10
335,342,10
335,343,10
336,337,10
336,338,10
336,339,10
336,340,10
336,341,10
336,342,10
336,343,10
337,338,10
337,339,10
337,340,10
337,341,10
337,342,10
337,343,10
338,339,10
338,340,10
338,341,10
338,342,10
338,343,10
339,340,10
339,341,10
339,342,10
339,343,10
340,341,10
340,342,10
340,343,10
341,342,10
341,343,10
342,343,10
344,345,10
344,346,10
344,347,10
344,348,4
344,352,3
344,354,2
344,356,2
344,1004,4
345,346,10
345,347,10
345,348,1
345,349,4
345,353,4
345,355,1
345,356,2
345,357,4
345,360,3
345,362,5
345,363,2
345,472,2
345,1005,5
345,1007,2
345,1050,1
346,347,10
348,349,10
348,350,10
348,351,10
348,352,2
348,354,2
348,356,1
349,350,10
349,351,10
349,357,2
349,360,2
349,362,3
349,363,1
349,1010,1
350,351,10
352,353,10
352,354,10
352,355,10
352,356,10
352,357,10
352,358,10
352,359,10
352,360,10
352,361,10
352,362,10
352,363,10
352,367,2
352,525,1
352,605,4
352,606,3
352,620,1
352,749,1
352,922,3
352,972,6
353,354,10
353,355,10
353,356,10
353,357,10
353,358,10
353,359,10
353,360,10
353,361,10
353,362,10
353,363,10
353,368,3
353,525,1
353,526,3
353,923,2
354,355,10
354,356,10
354,357,10
354,358,10
354,359,10
354,360,10
354,361,10
354,362,10
354,363,10
354,525,1
354,530,6
354,540,4
355,356,10
355,357,10
355,358,10
355,359,10
355,360,10
355,361,10
355,362,10
355,363,10
355,478,4
355,525,2
355,526,4
356,357,10
356,358,10
356,359,10
356,360,10
356,361,10
356,362,10
356,363,10
356,525,5
356,534,3
357,358,10
357,359,10
357,360,10
357,361,10
357,362,10
357,363,10
357,525,1
357,526,4
357,807,1
358,359,10
358,360,10
358,361,10
358,362,10
358,363,10
359,360,10
359,361,10
359,362,10
359,363,10
360,361,10
360,362,10
360,363,10
360,397,1
360,525,1
360,526,4
360,807,2
361,362,10
361,363,10
361,525,5
361,749,3
362,363,10
362,525,1
362,526,3
362,529,4
362,617,3
362,807,1
363,478,3
363,479,4
363,525,1
363,807,2
363,812,5
364,365,10
364,366,10
364,367,3
364,368,1
364,1133,1
365,366,10
367,368,10
367,369,10
367,370,10
367,371,10
367,374,2
367,436,2
367,440,5
367,473,6
367,996,1
368,369,10
368,370,10
368,371,10
368,441,4
368,452,4
368,1041,1
369,370,10
369,371,10
370,371,10
370,382,4
372,373,10
372,374,7
372,436,7
372,440,1
372,458,7
372,488,1
372,746,1
372,907,1
374,375,10
374,376,10
374,377,10
374,378,10
374,379,10
374,476,2
374,486,3
374,528,1
374,924,2
374,972,2
375,376,10
375,377,10
375,378,10
375,379,10
375,380,6
375,386,4
375,389,2
375,437,4
375,924,1
376,377,10
376,378,10
376,379,10
377,378,10
377,379,10
378,379,10
380,381,10
380,385,1
382,383,10
382,384,10
382,494,1
382,497,4
382,498,1
382,1141,1
382,1143,2
383,384,10
384,494,1
384,497,1
384,498,3
384,917,2
384,932,3
384,1143,7
385,386,10
385,387,10
385,411,2
385,412,1
385,461,3
385,462,1
385,508,1
385,514,1
385,520,1
385,1153,5
386,387,10
386,412,1
386,462,5
386,508,1
386,514,1
386,520,1
386,1123,6
387,411,5
387,461,2
388,389,10
388,390,10
388,391,10
388,411,2
388,412,1
388,461,1
388,462,1
389,390,10
389,391,10
389,412,1
390,391,10
390,411,3
390,461,1
392,393,10
392,394,10
392,395,10
392,396,10
392,397,10
392,402,2
392,407,1
392,411,1
392,427,4
392,497,1
392,530,1
392,613,2
392,725,5
392,1145,1
392,1146,1
393,394,10
393,395,10
393,396,10
393,397,10
393,402,5
393,407,2
393,411,1
393,428,5
393,1146,3
394,395,10
394,396,10
394,397,10
395,396,10
395,397,10
396,397,10
398,399,10
398,400,10
399,400,10
401,402,10
401,403,10
401,427,2
402,403,10
402,427,2
404,405,10
404,406,10
405,406,10
405,412,1
407,408,10
407,409,10
407,410,10
407,411,3
407,412,2
408,409,10
408,410,10
408,412,1
409,410,10
411,412,10
411,413,10
411,414,10
411,423,1
411,456,1
411,530,1
412,413,10
412,414,10
412,423,1
412,456,1
412,527,3
412,998,3
412,1143,3
413,414,10
415,416,10
415,417,10
415,418,10
415,419,10
415,423,3
415,424,2
415,427,7
415,609,4
416,417,10
416,418,10
416,419,10
416,423,3
416,424,6
416,428,8
416,609,1
416,610,2
417,418,10
417,419,10
417,423,1
417,424,2
417,542,5
417,609,1
417,610,4
418,419,10
418,420,1
418,421,2
418,423,3
418,424,2
418,542,4
418,609,1
418,610,4
420,421,10
420,422,10
420,525,1
421,422,10
422,613,1
423,424,10
423,425,10
424,425,10
424,428,8
424,609,1
424,610,2
426,973,1
427,428,10
427,429,10
427,430,10
427,476,6
427,482,5
427,605,1
428,429,10
428,430,10
428,476,2
428,477,2
428,482,2
428,483,2
428,1148,5
429,430,10
431,432,10
431,433,10
431,434,10
431,435,10
431,613,1
431,614,1
432,433,10
432,434,10
432,435,10
432,531,3
433,434,10
433,435,10
434,435,10
435,437,2
436,437,10
436,438,10
436,439,10
436,451,3
436,461,3
436,468,2
436,1137,3
436,1141,1
437,438,10
437,439,10
437,441,3
437,461,1
437,462,3
437,468,1
437,469,7
437,1137,1
437,1141,1
437,1142,1
438,439,10
440,441,10
440,442,10
440,443,10
441,442,10
441,443,10
442,443,10
444,445,10
444,446,10
444,447,10
444,448,10
444,449,10
444,450,10
444,451,10
444,452,10
444,453,10
444,454,10
444,455,10
444,456,10
444,457,10
444,458,10
444,459,10
444,460,10
445,446,10
445,447,10
445,448,10
445,449,10
445,450,10
445,451,10
445,452,10
445,453,10
445,454,10
445,455,10
445,456,10
445,457,10
445,458,10
445,459,10
445,460,10
446,447,10
446,448,10
446,449,10
446,450,10
446,451,10
446,452,10
446,453,10
446,454,10
446,455,10
446,456,10
446,457,10
446,458,10
446,459,10
446,460,10
447,448,10
447,449,10
447,450,10
447,451,10
447,452,10
447,453,10
447,454,10
447,455,10
447,456,10
447,457,10
447,458,10
447,459,10
447,460,10
448,449,10
448,450,10
448,451,10
448,452,10
448,453,10
448,454,10
448,455,10
448,456,10
448,457,10
448,458,10
448,459,10
448,460,10
449,450,10
449,451,10
449,452,10
449,453,10
449,454,10
449,455,10
449,456,10
449,457,10
449,458,10
449,459,10
449,460,10
450,451,10
450,452,10
450,453,10
450,454,10
450,455,10
450,456,10
450,457,10
450,458,10
450,459,10
450,460,10
451,452,10
451,453,10
451,454,10
451,455,10
451,456,10
451,457,10
451,458,10
451,459,10
451,460,10
452,453,10
452,454,10
452,455,10
452,456,10
452,457,10
452,458,10
452,459,10
452,460,10
453,454,10
453,455,10
453,456,10
453,457,10
453,458,10
453,459,10
453,460,10
454,455,10
454,456,10
454,457,10
454,458,10
454,459,10
454,460,10
455,456,10
455,457,10
455,458,10
455,459,10
455,460,10
456,457,10
456,458,10
456,459,10
456,460,10
457,458,10
457,459,10
457,460,10
458,459,10
458,460,10
458,461,1
458,462,1
459,460,10
459,462,2
461,462,10
461,463,10
461,464,10
461,465,10
461,466,10
461,467,10
461,471,1
461,472,1
461,476,4
461,489,1
461,727,1
461,732,3
461,897,1
461,1056,6
462,463,10
462,464,10
462,465,10
462,466,10
462,467,10
462,470,3
462,472,1
462,489,1
462,897,1
463,464,10
463,465,10
463,466,10
463,467,10
464,465,10
464,466,10
464,467,10
465,466,10
465,467,10
466,467,10
468,469,10
468,470,10
468,471,10
468,472,10
469,470,10
469,471,10
469,472,10
470,471,10
470,472,10
471,472,10
473,474,10
473,475,10
473,1133,2
473,1134,1
474,475,10
474,563,1
476,477,10
476,478,10
476,479,10
476,480,10
476,482,4
476,686,2
476,746,1
476,749,1
476,823,1
476,889,1
476,907,1
476,922,1
476,924,3
476,986,5
476,996,3
477,478,10
477,479,10
477,480,10
477,487,6
477,784,5
478,479,10
478,480,10
479,480,10
482,483,10
482,484,10
482,485,10
483,484,10
483,485,10
483,487,6
484,485,10
486,487,10
486,986,8
487,489,4
487,606,1
487,925,4
487,1122,1
488,489,10
488,490,10
488,491,10
488,492,10
488,493,10
488,613,2
488,889,2
488,890,3
488,892,3
488,893,1
489,490,10
489,491,10
489,492,10
489,493,10
489,498,2
489,801,1
489,890,8
489,893,6
489,908,1
490,491,10
490,492,10
490,493,10
490,508,1
490,890,4
490,893,7
490,917,3
491,492,10
491,493,10
492,493,10
494,495,10
494,496,10
494,497,4
494,498,2
494,806,1
495,496,10
495,497,1
497,498,10
497,499,10
497,500,10
497,501,3
497,502,2
497,508,1
497,509,1
497,613,2
498,499,10
498,500,10
498,501,3
498,502,7
498,547,1
498,700,8
499,500,10
501,502,10
501,503,10
501,504,10
501,508,1
501,613,5
501,716,1
501,717,2
501,996,1
502,503,10
502,504,10
502,509,1
502,526,1
502,613,3
502,617,3
502,716,1
502,717,3
502,996,1
503,504,10
505,506,10
505,507,10
505,942,2
506,507,10
508,509,10
508,510,10
508,511,10
508,512,10
508,513,10
508,514,2
508,515,3
508,520,7
508,521,3
508,522,3
508,523,1
508,525,1
508,562,1
508,581,1
508,588,1
508,609,5
508,613,4
509,510,10
509,511,10
509,512,10
509,513,10
509,514,5
509,515,3
509,520,1
509,521,4
509,523,5
509,525,1
509,526,1
509,536,1
509,537,2
509,610,1
509,613,1
509,614,8
509,617,1
510,511,10
510,512,10
510,513,10
511,512,10
511,513,10
512,513,10
514,515,10
514,516,10
514,517,10
514,518,10
514,519,10
514,520,4
514,522,6
514,523,2
514,613,3
514,870,6
514,1134,1
515,516,10
515,517,10
515,518,10
515,519,10
515,520,1
515,521,8
515,522,1
515,523,6
515,525,2
515,526,1
515,531,2
515,613,2
515,614,8
515,871,2
516,517,10
516,518,10
516,519,10
517,518,10
517,519,10
518,519,10
520,521,10
520,522,10
520,523,10
520,524,10
520,537,1
520,613,1
520,667,1
520,996,1
521,522,10
521,523,10
521,524,10
521,525,1
521,537,2
521,613,1
522,523,10
522,524,10
522,525,4
522,526,3
522,536,2
522,597,2
522,633,3
523,524,10
523,525,1
523,526,4
523,537,1
523,542,1
525,526,10
525,527,1
525,530,1
525,531,1
525,547,2
525,605,3
525,606,1
525,613,1
526,527,1
526,531,5
526,547,2
526,966,1
526,987,1
528,529,10
528,530,1
530,531,10
530,532,10
530,533,10
530,534,10
530,535,10
530,536,3
530,994,1
531,532,10
531,533,10
531,534,10
531,535,10
531,536,2
531,617,1
532,533,10
532,534,10
532,535,10
533,534,10
533,535,10
534,535,10
536,537,10
536,538,10
536,539,10
536,540,10
536,541,10
536,542,10
536,543,10
536,544,10
536,545,10
536,546,10
536,613,1
537,538,10
537,539,10
537,540,10
537,541,10
537,542,10
537,543,10
537,544,10
537,545,10
537,546,10
537,613,1
538,539,10
538,540,10
538,541,10
538,542,10
538,543,10
538,544,10
538,545,10
538,546,10
539,540,10
539,541,10
539,542,10
539,543,10
539,544,10
539,545,10
539,546,10
540,541,10
540,542,10
540,543,10
540,544,10
540,545,10
540,546,10
541,542,10
541,543,10
541,544,10
541,545,10
541,546,10
542,543,10
542,544,10
542,545,10
542,546,10
542,614,1
543,544,10
543,545,10
543,546,10
544,545,10
544,546,10
545,546,10
547,548,10
547,605,1
547,606,3
547,630,3
549,550,10
549,551,10
549,552,10
550,551,10
550,552,10
551,552,10
553,554,10
553,555,10
553,772,1
553,773,1
554,555,10
556,557,10
556,558,10
556,562,2
556,613,1
557,558,10
560,561,10
561,572,1
562,563,10
562,564,10
562,565,10
562,595,1
562,605,1
562,606,4
562,613,1
562,743,3
562,793,6
563,564,10
563,565,10
563,596,1
563,606,8
563,613,1
563,614,3
563,864,1
564,565,10
566,567,10
566,568,10
566,569,10
566,570,10
566,585,2
567,568,10
567,569,10
567,570,10
567,582,1
567,641,1
568,569,10
568,570,10
568,587,1
568,588,1
568,594,1
569,570,10
569,586,1
571,572,10
571,573,10
571,574,10
571,575,10
571,576,2
571,577,1
571,581,1
571,586,6
571,620,1
571,630,6
571,640,3
571,641,1
571,656,1
571,667,1
571,681,1
571,682,1
571,1031,1
572,573,10
572,574,10
572,575,10
572,577,3
572,581,1
572,582,2
572,586,1
572,587,4
572,624,1
572,625,1
572,630,6
572,631,8
572,640,2
572,667,2
573,574,10
573,575,10
573,577,1
573,582,2
573,586,2
573,596,1
573,625,3
573,630,6
573,631,1
573,640,2
574,575,10
575,588,2
576,577,10
576,578,10
576,579,10
576,580,10
576,581,6
576,582,6
576,585,6
576,586,1
576,587,2
576,589,3
576,595,1
576,596,1
576,640,2
576,641,1
576,741,5
577,578,10
577,579,10
577,580,10
577,582,2
577,585,1
577,587,1
577,589,2
577,594,2
577,641,2
577,742,2
578,579,10
578,580,10
579,580,10
581,582,10
581,583,10
581,584,10
581,585,10
581,613,1
581,630,3
581,640,4
581,656,1
581,662,2
582,583,10
582,584,10
582,585,10
582,596,1
582,630,1
582,640,2
582,641,4
582,987,2
583,584,10
583,585,10
584,585,10
584,588,1
585,589,1
585,594,5
585,643,3
586,587,10
586,588,10
586,589,10
586,590,10
586,591,10
586,592,10
586,593,10
586,594,10
586,640,6
586,641,5
586,656,4
586,681,3
586,682,4
586,741,3
587,588,10
587,589,10
587,590,10
587,591,10
587,592,10
587,593,10
587,594,10
587,640,4
587,641,3
587,656,2
587,657,1
587,682,7
587,742,6
588,589,10
588,590,10
588,591,10
588,592,10
588,593,10
588,594,10
588,596,1
588,597,1
588,633,4
588,640,4
588,656,4
588,657,4
588,681,3
588,682,5
589,590,10
589,591,10
589,592,10
589,593,10
589,594,10
589,596,3
589,597,2
589,640,4
589,641,4
589,643,1
589,656,3
589,682,7
590,591,10
590,592,10
590,593,10
590,594,10
591,592,10
591,593,10
591,594,10
592,593,10
592,594,10
593,594,10
593,741,3
594,640,4
594,641,1
594,656,2
594,681,2
594,682,6
595,596,10
595,597,10
595,598,10
595,599,10
595,613,1
595,670,1
595,962,4
595,980,6
596,597,10
596,598,10
596,599,10
596,631,1
596,640,1
596,963,1
596,980,5
597,598,10
597,599,10
597,613,1
598,599,10
600,601,10
600,602,10
600,603,10
600,604,10
600,630,1
601,602,10
601,603,10
601,604,10
602,603,10
602,604,10
603,604,10
605,606,10
605,607,10
605,608,10
605,823,1
605,986,8
606,607,10
606,608,10
606,864,1
606,890,1
606,986,3
607,608,10
609,610,10
609,611,10
609,612,10
610,611,10
610,612,10
610,614,4
611,612,10
613,614,10
613,615,10
613,616,1
613,681,1
613,966,1
613,1037,1
614,615,10
614,616,1
616,617,10
616,618,10
616,619,10
617,618,10
617,619,10
618,619,10
618,1096,5
618,1100,6
620,621,10
620,622,10
620,623,10
621,622,10
621,623,10
622,623,10
624,625,10
624,626,10
624,627,10
624,628,10
624,629,10
625,626,10
625,627,10
625,628,10
625,629,10
626,627,10
626,628,10
626,629,10
627,628,10
627,629,10
628,629,10
630,631,10
630,632,10
630,633,10
630,634,1
630,635,2
630,640,1
630,652,1
630,682,2
630,687,2
631,632,10
631,633,10
631,635,6
631,652,1
631,682,2
631,687,4
631,694,1
632,633,10
634,635,10
634,636,10
634,637,10
634,693,2
634,694,1
634,772,1
635,636,10
635,637,10
636,637,10
638,639,10
640,641,10
640,642,10
640,643,10
640,644,10
640,645,10
640,656,1
640,682,1
641,642,10
641,643,10
641,644,10
641,645,10
642,643,10
642,644,10
642,645,10
643,644,10
643,645,10
644,645,10
646,647,10
646,648,10
646,649,10
646,650,10
646,651,10
646,652,10
646,653,10
646,654,10
646,655,10
646,693,2
647,648,10
647,649,10
647,650,10
647,651,10
647,652,10
647,653,10
647,654,10
647,655,10
647,656,2
647,657,3
648,649,10
648,650,10
648,651,10
648,652,10
648,653,10
648,654,10
648,655,10
649,650,10
649,651,10
649,652,10
649,653,10
649,654,10
649,655,10
650,651,10
650,652,10
650,653,10
650,654,10
650,655,10
651,652,10
651,653,10
651,654,10
651,655,10
652,653,10
652,654,10
652,655,10
652,980,1
652,981,1
653,654,10
653,655,10
654,655,10
656,657,10
656,658,10
656,659,10
656,660,10
656,661,10
656,662,6
656,663,2
656,962,4
657,658,10
657,659,10
657,660,10
657,661,10
657,662,1
657,663,4
657,828,1
658,659,10
658,660,10
658,661,10
659,660,10
659,661,10
660,661,10
662,663,10
662,664,10
662,665,10
662,666,10
662,681,5
662,693,3
662,694,1
663,664,10
663,665,10
663,666,10
664,665,10
664,666,10
665,666,10
667,668,10
667,669,10
667,671,1
667,682,8
667,737,1
668,669,10
670,671,10
670,672,10
670,673,10
670,674,10
670,675,10
670,676,10
670,693,6
671,672,10
671,673,10
671,674,10
671,675,10
671,676,10
671,694,4
672,673,10
672,674,10
672,675,10
672,676,10
673,674,10
673,675,10
673,676,10
674,675,10
674,676,10
675,676,10
677,678,10
677,679,10
677,680,10
677,681,1
678,679,10
678,680,10
678,681,2
678,682,6
679,680,10
681,682,10
681,683,10
681,684,10
681,685,10
681,686,2
681,687,2
681,693,2
681,694,3
681,800,3
681,882,1
682,683,10
682,684,10
682,685,10
682,686,1
682,687,5
682,693,1
682,694,4
682,698,2
683,684,10
683,685,10
684,685,10
686,687,10
686,688,10
686,689,10
686,690,10
686,693,4
686,694,1
686,980,2
686,1122,1
686,1123,3
687,688,10
687,689,10
687,690,10
687,694,4
688,689,10
688,690,10
689,690,10
691,692,10
691,693,10
691,694,10
691,695,10
691,696,10
691,697,10
692,693,10
692,694,10
692,695,10
692,696,10
692,697,10
693,694,10
693,695,10
693,696,10
693,697,10
693,699,1
693,705,1
694,695,10
694,696,10
694,697,10
695,696,10
695,697,10
696,697,10
699,700,10
699,701,10
699,702,10
699,703,10
699,704,10
699,705,8
700,701,10
700,702,10
700,703,10
700,704,10
700,706,7
701,702,10
701,703,10
701,704,10
702,703,10
702,704,10
703,704,10
705,706,10
705,707,10
705,708,10
705,709,10
705,710,10
705,717,1
706,707,10
706,708,10
706,709,10
706,710,10
707,708,10
707,709,10
707,710,10
708,709,10
708,710,10
709,710,10
709,716,1
711,712,10
711,713,10
711,714,10
711,715,10
711,716,10
711,717,10
711,718,10
711,719,10
711,720,10
712,713,10
712,714,10
712,715,10
712,716,10
712,717,10
712,718,10
712,719,10
712,720,10
713,714,10
713,715,10
713,716,10
713,717,10
713,718,10
713,719,10
713,720,10
714,715,10
714,716,10
714,717,10
714,718,10
714,719,10
714,720,10
715,716,10
715,717,10
715,718,10
715,719,10
715,720,10
716,717,10
716,718,10
716,719,10
716,720,10
716,903,6
716,937,5
716,983,6
716,996,1
717,718,10
717,719,10
717,720,10
718,719,10
718,720,10
719,720,10
721,722,10
721,723,10
721,724,10
721,725,10
721,726,10
721,727,6
721,728,2
721,743,4
721,744,2
721,854,1
721,864,2
722,723,10
722,724,10
722,725,10
722,726,10
722,727,1
722,728,5
722,744,3
722,863,1
722,864,2
723,724,10
723,725,10
723,726,10
724,725,10
724,726,10
725,726,10
725,727,2
725,728,2
725,743,2
725,744,2
725,756,5
725,863,2
725,864,1
725,1147,6
726,727,3
726,728,2
726,744,4
726,864,5
726,1147,1
727,728,10
727,729,10
727,730,10
727,731,10
727,743,2
728,729,10
728,730,10
728,731,10
729,730,10
729,731,10
730,731,10
732,733,10
732,734,10
732,735,10
732,736,3
732,737,2
732,863,1
732,867,1
732,876,2
733,734,10
733,735,10
733,737,5
733,790,1
733,867,1
733,876,8
734,735,10
736,737,10
736,738,10
736,739,10
736,740,10
736,773,1
737,738,10
737,739,10
737,740,10
738,739,10
738,740,10
739,740,10
741,742,10
741,964,2
743,744,10
743,863,3
744,864,1
744,875,2
746,747,10
746,748,10
746,851,1
746,852,1
746,854,4
746,855,2
746,996,4
746,1004,2
747,748,10
747,852,6
747,854,2
747,855,9
747,987,2
747,1005,5
749,750,10
749,751,10
749,752,10
749,753,10
749,754,10
749,755,10
749,772,2
750,751,10
750,752,10
750,753,10
750,754,10
750,755,10
751,752,10
751,753,10
751,754,10
751,755,10
752,753,10
752,754,10
752,755,10
753,754,10
753,755,10
754,755,10
756,757,10
756,758,10
756,759,10
757,758,10
757,759,10
758,759,10
760,761,10
760,762,10
760,763,10
760,764,10
760,765,10
760,766,10
760,767,10
760,768,10
760,770,1
760,854,2
761,762,10
761,763,10
761,764,10
761,765,10
761,766,10
761,767,10
761,768,10
761,769,6
761,770,5
762,763,10
762,764,10
762,765,10
762,766,10
762,767,10
762,768,10
763,764,10
763,765,10
763,766,10
763,767,10
763,768,10
764,765,10
764,766,10
764,767,10
764,768,10
764,772,1
765,766,10
765,767,10
765,768,10
766,767,10
766,768,10
767,768,10
769,770,10
769,771,10
769,963,1
769,979,6
770,771,10
770,963,3
770,978,1
770,979,7
772,773,10
772,774,10
772,775,10
772,776,10
772,777,10
772,778,10
772,962,4
772,965,3
772,980,1
773,774,10
773,775,10
773,776,10
773,777,10
773,778,10
773,963,8
773,973,6
774,775,10
774,776,10
774,777,10
774,778,10
774,1122,1
775,776,10
775,777,10
775,778,10
776,777,10
776,778,10
777,778,10
779,780,10
779,781,10
779,782,10
779,783,10
780,781,10
780,782,10
780,783,10
780,784,8
780,811,6
781,782,10
781,783,10
782,783,10
784,785,10
784,786,10
784,787,10
784,788,10
784,789,10
784,790,10
784,791,10
784,792,10
784,807,5
784,823,1
784,824,1
785,786,10
785,787,10
785,788,10
785,789,10
785,790,10
785,791,10
785,792,10
786,787,10
786,788,10
786,789,10
786,790,10
786,791,10
786,792,10
787,788,10
787,789,10
787,790,10
787,791,10
787,792,10
788,789,10
788,790,10
788,791,10
788,792,10
789,790,10
789,791,10
789,792,10
790,791,10
790,792,10
790,807,7
790,823,1
790,824,3
791,792,10
791,805,1
793,794,10
793,795,10
793,796,10
793,797,10
793,798,10
793,799,10
793,801,2
793,807,2
793,817,6
794,795,10
794,796,10
794,797,10
794,798,10
794,799,10
794,801,8
794,807,6
795,796,10
795,797,10
795,798,10
795,799,10
796,797,10
796,798,10
796,799,10
797,798,10
797,799,10
798,799,10
800,801,10
800,802,10
800,803,10
800,804,10
800,805,4
800,806,8
800,807,3
800,817,5
800,823,4
800,836,6
800,837,2
800,1011,1
801,802,10
801,803,10
801,804,10
801,806,1
801,807,7
801,811,7
801,818,8
801,824,2
801,828,4
801,836,1
801,837,3
802,803,10
802,804,10
803,804,10
805,806,10
805,807,10
805,808,10
805,809,10
805,810,3
805,817,5
805,836,4
806,807,10
806,808,10
806,809,10
806,810,4
806,811,1
806,823,6
806,836,3
806,841,3
806,843,3
806,1011,1
807,808,10
807,809,10
807,810,1
807,811,8
807,818,5
807,823,1
807,824,1
807,828,7
807,836,1
807,837,5
807,883,1
808,809,10
810,811,10
810,812,10
810,813,10
810,814,10
810,815,10
810,816,10
810,817,8
810,823,3
810,950,1
810,996,5
811,812,10
811,813,10
811,814,10
811,815,10
811,816,10
811,818,9
811,824,2
811,951,5
812,813,10
812,814,10
812,815,10
812,816,10
813,814,10
813,815,10
813,816,10
814,815,10
814,816,10
815,816,10
817,818,10
817,819,10
817,820,10
817,821,10
817,822,10
817,823,8
817,824,2
817,831,3
817,922,1
818,819,10
818,820,10
818,821,10
818,822,10
818,824,6
818,841,2
818,922,1
819,820,10
819,821,10
819,822,10
820,821,10
820,822,10
821,822,10
823,824,10
823,825,10
823,826,10
823,827,10
823,1027,1
824,825,10
824,826,10
824,827,10
824,1022,6
825,826,10
825,827,10
826,827,10
828,829,10
828,830,10
828,831,8
828,923,2
829,830,10
829,831,2
829,833,6
829,892,2
829,923,3
829,1128,1
830,831,1
830,833,3
831,832,10
831,833,10
831,834,10
831,835,10
832,833,10
832,834,10
832,835,10
833,834,10
833,835,10
834,835,10
836,837,10
836,838,10
836,839,10
836,840,10
837,838,10
837,839,10
837,840,10
838,839,10
838,840,10
839,840,10
841,842,10
841,876,4
843,844,10
843,845,10
843,846,10
843,918,1
843,919,1
844,845,10
844,846,10
845,846,10
847,848,10
847,849,10
847,850,10
847,918,2
848,849,10
848,850,10
848,861,2
848,875,1
848,919,2
849,850,10
851,852,10
851,853,10
851,854,6
851,855,1
851,918,2
852,853,10
852,855,5
852,919,3
854,855,10
854,856,10
854,857,10
854,1084,1
854,1090,1
854,1122,1
855,856,10
855,857,10
855,861,1
855,875,1
855,1084,1
855,1090,1
856,857,10
859,860,10
859,867,4
859,868,4
859,870,3
859,871,3
860,863,1
860,864,1
861,862,10
861,863,1
861,864,2
861,868,2
861,869,4
861,871,2
861,875,6
861,876,4
861,996,2
863,864,10
863,865,10
863,866,10
863,867,1
863,869,1
863,870,1
863,871,1
863,873,3
863,875,1
863,876,1
863,924,5
863,1133,8
864,865,10
864,866,10
864,867,1
864,869,2
864,871,2
864,873,1
864,874,2
864,876,7
864,908,1
864,1134,7
865,866,10
867,868,10
867,869,10
867,870,3
867,873,4
867,875,1
867,983,3
868,869,10
868,871,2
868,874,3
868,875,3
868,983,1
868,984,4
869,870,3
869,871,2
869,875,4
869,876,1
869,885,1
869,904,1
870,871,10
870,872,10
870,873,10
870,874,10
870,875,4
871,872,10
871,873,10
871,874,10
871,875,6
872,873,10
872,874,10
873,874,10
875,996,1
875,1123,2
876,877,10
876,878,10
876,883,2
876,885,1
877,878,10
879,882,3
879,883,4
879,886,1
879,887,2
879,901,1
879,903,3
879,908,2
880,881,10
882,883,10
882,884,10
882,885,10
882,918,6
883,884,10
883,885,10
884,885,10
886,887,10
888,1021,1
888,1022,1
889,890,10
889,891,10
890,891,10
892,893,10
892,894,10
892,895,10
892,896,10
892,897,10
892,918,1
892,1137,1
893,894,10
893,895,10
893,896,10
893,897,10
893,919,5
894,895,10
894,896,10
894,897,10
895,896,10
895,897,10
896,897,10
898,899,10
898,900,10
899,900,10
901,902,10
901,903,10
901,904,10
901,905,10
901,906,10
902,903,10
902,904,10
902,905,10
902,906,10
903,904,10
903,905,10
903,906,10
904,905,10
904,906,10
905,906,10
907,908,10
907,909,10
907,910,10
907,911,10
907,912,10
907,913,10
907,914,10
907,915,10
907,916,10
907,917,10
908,909,10
908,910,10
908,911,10
908,912,10
908,913,10
908,914,10
908,915,10
908,916,10
908,917,10
909,910,10
909,911,10
909,912,10
909,913,10
909,914,10
909,915,10
909,916,10
909,917,10
910,911,10
910,912,10
910,913,10
910,914,10
910,915,10
910,916,10
910,917,10
910,1106,1
911,912,10
911,913,10
911,914,10
911,915,10
911,916,10
911,917,10
912,913,10
912,914,10
912,915,10
912,916,10
912,917,10
913,914,10
913,915,10
913,916,10
913,917,10
914,915,10
914,916,10
914,917,10
915,916,10
915,917,10
916,917,10
917,932,2
918,919,10
918,920,10
918,921,10
918,930,2
918,1111,1
918,1122,3
918,1133,1
919,920,10
919,921,10
919,1123,8
920,921,10
922,923,10
924,925,10
924,926,10
924,927,10
924,928,10
924,929,10
925,926,10
925,927,10
925,928,10
925,929,10
926,927,10
926,928,10
926,929,10
927,928,10
927,929,10
928,929,10
930,931,10
930,932,10
930,933,10
930,934,10
930,935,2
930,936,2
930,996,1
930,1094,6
931,932,10
931,933,10
931,934,10
931,936,8
931,967,8
931,1097,2
932,933,10
932,934,10
932,936,5
932,1095,3
932,1106,3
933,934,10
935,936,10
935,937,10
935,938,2
935,1094,1
935,1100,1
936,937,10
936,938,2
936,939,6
936,943,8
936,1094,1
936,1095,4
936,1096,2
936,1097,4
936,1106,1
937,1078,5
938,939,10
938,940,10
938,941,10
938,1078,6
938,1094,2
938,1095,2
938,1100,2
939,940,10
939,941,10
939,1078,2
939,1079,6
939,1082,2
939,1094,2
939,1095,7
939,1097,6
940,941,10
942,943,10
942,944,10
942,945,10
942,946,10
942,947,10
942,948,10
942,949,10
942,960,3
942,972,6
942,996,2
942,1011,4
943,944,10
943,945,10
943,946,10
943,947,10
943,948,10
943,949,10
943,950,1
943,967,9
944,945,10
944,946,10
944,947,10
944,948,10
944,949,10
945,946,10
945,947,10
945,948,10
945,949,10
946,947,10
946,948,10
946,949,10
947,948,10
947,949,10
948,949,10
950,951,10
950,952,10
950,953,10
950,954,10
950,955,10
950,956,10
950,957,10
950,958,10
950,959,10
950,960,10
950,961,10
950,1051,1
950,1056,1
951,952,10
951,953,10
951,954,10
951,955,10
951,956,10
951,957,10
951,958,10
951,959,10
951,960,10
951,961,10
951,1052,1
952,953,10
952,954,10
952,955,10
952,956,10
952,957,10
952,958,10
952,959,10
952,960,10
952,961,10
953,954,10
953,955,10
953,956,10
953,957,10
953,958,10
953,959,10
953,960,10
953,961,10
954,955,10
954,956,10
954,957,10
954,958,10
954,959,10
954,960,10
954,961,10
955,956,10
955,957,10
955,958,10
955,959,10
955,960,10
955,961,10
956,957,10
956,958,10
956,959,10
956,960,10
956,961,10
957,958,10
957,959,10
957,960,10
957,961,10
958,959,10
958,960,10
958,961,10
959,960,10
959,961,10
960,961,10
962,963,10
962,964,10
962,965,10
962,973,1
962,974,2
962,980,5
963,964,10
963,965,10
963,972,3
963,973,3
963,981,4
964,965,10
966,967,10
966,968,10
966,969,10
966,970,10
966,971,10
967,968,10
967,969,10
967,970,10
967,971,10
967,1005,4
968,969,10
968,970,10
968,971,10
969,970,10
969,971,10
970,971,10
972,973,10
972,974,10
972,975,10
972,976,10
972,977,10
972,980,7
972,981,2
972,1040,6
972,1041,2
973,974,10
973,975,10
973,976,10
973,977,10
973,980,1
973,981,6
973,1041,8
974,975,10
974,976,10
974,977,10
974,980,4
974,982,1
974,1069,5
975,976,10
975,977,10
976,977,10
978,979,10
980,981,10
980,982,10
981,982,10
983,984,10
983,985,10
983,986,10
983,987,10
983,990,7
983,1005,2
983,1011,5
983,1012,1
983,1051,1
983,1078,1
984,985,10
984,986,10
984,987,10
984,990,1
984,991,3
984,1005,2
984,1007,3
984,1012,2
984,1019,2
985,986,10
985,987,10
986,987,10
988,989,10
988,990,10
988,991,10
988,992,10
988,993,10
988,994,10
988,995,10
988,1011,2
989,990,10
989,991,10
989,992,10
989,993,10
989,994,10
989,995,10
990,991,10
990,992,10
990,993,10
990,994,10
990,995,10
991,992,10
991,993,10
991,994,10
991,995,10
992,993,10
992,994,10
992,995,10
993,994,10
993,995,10
994,995,10
994,1096,5
994,1100,8
996,997,10
996,998,10
996,999,10
996,1000,10
996,1001,10
996,1002,10
996,1003,10
996,1009,2
996,1011,3
996,1015,6
996,1021,6
996,1051,7
996,1052,4
996,1078,1
996,1133,2
996,1134,1
997,998,10
997,999,10
997,1000,10
997,1001,10
997,1002,10
997,1003,10
997,1010,1
997,1016,6
998,999,10
998,1000,10
998,1001,10
998,1002,10
998,1003,10
999,1000,10
999,1001,10
999,1002,10
999,1003,10
1000,1001,10
1000,1002,10
1000,1003,10
1000,1052,3
1001,1002,10
1001,1003,10
1001,1124,1
1002,1003,10
1004,1005,10
1004,1006,10
1004,1007,10
1004,1008,10
1004,1009,1
1004,1011,4
1004,1012,1
1004,1015,3
1004,1122,1
1005,1006,10
1005,1007,10
1005,1008,10
1005,1010,7
1005,1011,2
1005,1012,5
1005,1015,1
1005,1016,7
1006,1007,10
1006,1008,10
1007,1008,10
1007,1012,3
1007,1016,3
1007,1063,1
1009,1010,10
1009,1011,10
1009,1012,10
1009,1013,10
1009,1014,10
1009,1015,10
1009,1016,10
1009,1017,10
1009,1018,10
1009,1019,10
1009,1020,10
1009,1021,5
1009,1022,2
1009,1027,1
1009,1031,2
1009,1032,3
1009,1049,5
1010,1011,10
1010,1012,10
1010,1013,10
1010,1014,10
1010,1015,10
1010,1016,10
1010,1017,10
1010,1018,10
1010,1019,10
1010,1020,10
1010,1021,1
1010,1027,2
1010,1028,1
1010,1031,6
1010,1032,3
1010,1050,1
1011,1012,10
1011,1013,10
1011,1014,10
1011,1015,10
1011,1016,10
1011,1017,10
1011,1018,10
1011,1019,10
1011,1020,10
1011,1021,3
1012,1013,10
1012,1014,10
1012,1015,10
1012,1016,10
1012,1017,10
1012,1018,10
1012,1019,10
1012,1020,10
1012,1021,2
1012,1022,2
1012,1028,2
1012,1032,2
1012,1143,1
1013,1014,10
1013,1015,10
1013,1016,10
1013,1017,10
1013,1018,10
1013,1019,10
1013,1020,10
1014,1015,10
1014,1016,10
1014,1017,10
1014,1018,10
1014,1019,10
1014,1020,10
1015,1016,10
1015,1017,10
1015,1018,10
1015,1019,10
1015,1020,10
1015,1021,1
1015,1027,1
1015,1031,1
1015,1122,5
1016,1017,10
1016,1018,10
1016,1019,10
1016,1020,10
1016,1021,1
1016,1022,4
1016,1027,1
1016,1031,1
1016,1032,2
1017,1018,10
1017,1019,10
1017,1020,10
1018,1019,10
1018,1020,10
1019,1020,10
1021,1022,10
1021,1023,10
1021,1024,10
1021,1025,10
1021,1026,10
1021,1027,3
1021,1031,6
1021,1032,3
1021,1051,7
1022,1023,10
1022,1024,10
1022,1025,10
1022,1026,10
1022,1027,2
1022,1028,2
1022,1031,2
1022,1032,1
1022,1051,1
1022,1052,1
1022,1117,7
1023,1024,10
1023,1025,10
1023,1026,10
1024,1025,10
1024,1026,10
1025,1026,10
1027,1028,10
1027,1029,10
1027,1030,10
1027,1031,8
1027,1032,3
1027,1056,1
1028,1029,10
1028,1030,10
1028,1032,1
1028,1056,1
1028,1057,1
1029,1030,10
1031,1032,10
1031,1033,10
1031,1034,10
1031,1045,2
1031,1049,1
1031,1051,3
1031,1122,1
1032,1033,10
1032,1034,10
1032,1052,5
1032,1057,2
1032,1131,3
1033,1034,10
1035,1036,10
1035,1037,10
1035,1038,10
1035,1039,10
1036,1037,10
1036,1038,10
1036,1039,10
1037,1038,10
1037,1039,10
1038,1039,10
1040,1041,10
1040,1042,10
1040,1043,10
1040,1044,10
1040,1137,2
1040,1138,1
1041,1042,10
1041,1043,10
1041,1044,10
1042,1043,10
1042,1044,10
1042,1051,1
1043,1044,10
1043,1052,2
1045,1046,10
1045,1047,10
1045,1048,10
1045,1049,10
1045,1050,10
1046,1047,10
1046,1048,10
1046,1049,10
1046,1050,10
1046,1079,6
1046,1082,5
1047,1048,10
1047,1049,10
1047,1050,10
1048,1049,10
1048,1050,10
1049,1050,10
1049,1078,1
1049,1079,1
1049,1111,1
1050,1078,2
1050,1079,2
1051,1052,10
1051,1053,10
1051,1054,10
1051,1055,10
1051,1056,6
1051,1057,2
1051,1070,4
1051,1078,2
1051,1122,8
1051,1123,1
1051,1128,3
1052,1053,10
1052,1054,10
1052,1055,10
1052,1056,3
1052,1057,7
1052,1071,1
1052,1079,1
1052,1122,5
1052,1123,6
1052,1124,5
1053,1054,10
1053,1055,10
1054,1055,10
1056,1057,10
1056,1058,10
1056,1059,10
1056,1060,10
1056,1070,6
1056,1122,4
1056,1123,2
1056,1131,1
1056,1133,3
1057,1058,10
1057,1059,10
1057,1060,10
1057,1079,2
1057,1122,1
1057,1123,6
1057,1131,1
1058,1059,10
1058,1060,10
1059,1060,10
1061,1062,10
1061,1063,10
1061,1064,10
1061,1065,10
1061,1110,4
1062,1063,10
1062,1064,10
1062,1065,10
1062,1111,2
1063,1064,10
1063,1065,10
1063,1079,1
1063,1082,1
1063,1111,5
1063,1124,2
1064,1065,10
1066,1067,10
1066,1068,10
1066,1069,10
1067,1068,10
1067,1069,10
1067,1070,2
1067,1071,8
1067,1074,3
1068,1069,10
1070,1071,10
1070,1072,10
1070,1073,10
1070,1074,10
1070,1075,10
1070,1076,10
1070,1077,10
1070,1122,4
1070,1123,2
1071,1072,10
1071,1073,10
1071,1074,10
1071,1075,10
1071,1076,10
1071,1077,10
1071,1079,1
1071,1123,6
1072,1073,10
1072,1074,10
1072,1075,10
1072,1076,10
1072,1077,10
1073,1074,10
1073,1075,10
1073,1076,10
1073,1077,10
1074,1075,10
1074,1076,10
1074,1077,10
1074,1123,7
1075,1076,10
1075,1077,10
1076,1077,10
1078,1079,10
1078,1080,10
1078,1081,10
1078,1082,10
1078,1083,10
1078,1114,1
1079,1080,10
1079,1081,10
1079,1082,10
1079,1083,10
1079,1091,1
1079,1114,1
1079,1124,4
1080,1081,10
1080,1082,10
1080,1083,10
1081,1082,10
1081,1083,10
1082,1083,10
1082,1124,1
1084,1085,10
1084,1086,10
1084,1087,10
1084,1088,10
1084,1089,10
1085,1086,10
1085,1087,10
1085,1088,10
1085,1089,10
1086,1087,10
1086,1088,10
1086,1089,10
1087,1088,10
1087,1089,10
1088,1089,10
1090,1091,10
1090,1092,10
1090,1093,10
1091,1092,10
1091,1093,10
1091,1123,3
1092,1093,10
1094,1095,10
1094,1096,10
1094,1097,10
1094,1098,10
1094,1099,10
1094,1100,10
1094,1101,10
1094,1102,10
1094,1103,10
1094,1104,10
1094,1105,10
1095,1096,10
1095,1097,10
1095,1098,10
1095,1099,10
1095,1100,10
1095,1101,10
1095,1102,10
1095,1103,10
1095,1104,10
1095,1105,10
1096,1097,10
1096,1098,10
1096,1099,10
1096,1100,10
1096,1101,10
1096,1102,10
1096,1103,10
1096,1104,10
1096,1105,10
1097,1098,10
1097,1099,10
1097,1100,10
1097,1101,10
1097,1102,10
1097,1103,10
1097,1104,10
1097,1105,10
1098,1099,10
1098,1100,10
1098,1101,10
1098,1102,10
1098,1103,10
1098,1104,10
1098,1105,10
1099,1100,10
1099,1101,10
1099,1102,10
1099,1103,10
1099,1104,10
1099,1105,10
1100,1101,10
1100,1102,10
1100,1103,10
1100,1104,10
1100,1105,10
1101,1102,10
1101,1103,10
1101,1104,10
1101,1105,10
1102,1103,10
1102,1104,10
1102,1105,10
1103,1104,10
1103,1105,10
1104,1105,10
1106,1107,10
1106,1108,10
1106,1109,10
1107,1108,10
1107,1109,10
1108,1109,10
1110,1111,10
1110,1112,10
1110,1113,10
1110,1114,4
1110,1122,6
1111,1112,10
1111,1113,10
1111,1131,3
1112,1113,10
1114,1115,10
1114,1116,10
1114,1117,10
1114,1118,10
1114,1119,10
1114,1120,10
1114,1121,10
1115,1116,10
1115,1117,10
1115,1118,10
1115,1119,10
1115,1120,10
1115,1121,10
1116,1117,10
1116,1118,10
1116,1119,10
1116,1120,10
1116,1121,10
1116,1133,1
1117,1118,10
1117,1119,10
1117,1120,10
1117,1121,10
1118,1119,10
1118,1120,10
1118,1121,10
1119,1120,10
1119,1121,10
1120,1121,10
1122,1123,10
1122,1124,10
1122,1125,10
1122,1126,10
1122,1127,10
1122,1131,5
1122,1134,2
1123,1124,10
1123,1125,10
1123,1126,10
1123,1127,10
1123,1131,5
1123,1133,2
1123,1134,5
1124,1125,10
1124,1126,10
1124,1127,10
1124,1131,5
1124,1134,2
1125,1126,10
1125,1127,10
1126,1127,10
1128,1129,10
1128,1130,10
1128,1131,10
1128,1132,10
1129,1130,10
1129,1131,10
1129,1132,10
1130,1131,10
1130,1132,10
1131,1132,10
1131,1133,2
1131,1134,8
1133,1134,10
1133,1135,10
1133,1136,10
1133,1137,1
1134,1135,10
1134,1136,10
1135,1136,10
1137,1138,10
1137,1139,10
1137,1140,10
1137,1141,4
1138,1139,10
1138,1140,10
1138,1141,1
1138,1142,6
1139,1140,10
1141,1142,10
1141,1143,10
1141,1144,10
1142,1143,10
1142,1144,10
1143,1144,10
1145,1146,10
1147,1148,10
1147,1149,10
1148,1149,10
1150,1151,10
1150,1152,10
1150,1153,10
1150,1154,10
1151,1152,10
1151,1153,10
1151,1154,10
1152,1153,10
1152,1154,10
1153,1154,10
