node_1,node_2,node_3
1,2,3
1,2,4
1,2,5
1,2,6
1,2,7
1,2,8
1,2,9
1,2,10
1,2,21
1,2,30
1,2,732
1,3,4
1,3,5
1,3,6
1,3,7
1,3,8
1,3,9
1,3,10
1,4,5
1,4,6
1,4,7
1,4,8
1,4,9
1,4,10
1,5,6
1,5,7
1,5,8
1,5,9
1,5,10
1,6,7
1,6,8
1,6,9
1,6,10
1,6,19
1,6,21
1,6,30
1,6,70
1,6,80
1,6,83
1,6,415
1,6,725
1,6,729
1,6,766
1,7,8
1,7,9
1,7,10
1,8,9
1,8,10
1,9,10
1,11,19
1,11,57
1,11,70
1,11,415
1,11,732
1,11,766
1,19,725
1,19,732
1,19,766
1,21,651
1,57,70
1,57,80
1,70,80
1,70,415
1,70,651
1,80,415
1,83,350
1,350,725
1,415,732
1,651,725
1,725,729
1,725,732
1,732,766
2,3,4
2,3,5
2,3,6
2,3,7
2,3,8
2,3,9
2,3,10
2,4,5
2,4,6
2,4,7
2,4,8
2,4,9
2,4,10
2,5,6
2,5,7
2,5,8
2,5,9
2,5,10
2,5,676
2,6,7
2,6,8
2,6,9
2,6,10
2,6,21
2,6,30
2,7,8
2,7,9
2,7,10
2,8,9
2,8,10
2,9,10
2,12,749
2,12,894
2,12,899
2,21,22
2,22,652
2,81,416
2,188,416
2,416,675
2,416,676
2,652,676
2,652,749
2,675,676
2,675,732
2,797,816
2,797,894
2,816,894
2,816,899
2,894,899
3,4,5
3,4,6
3,4,7
3,4,8
3,4,9
3,4,10
3,5,6
3,5,7
3,5,8
3,5,9
3,5,10
3,6,7
3,6,8
3,6,9
3,6,10
3,7,8
3,7,9
3,7,10
3,8,9
3,8,10
3,9,10
4,5,6
4,5,7
4,5,8
4,5,9
4,5,10
4,6,7
4,6,8
4,6,9
4,6,10
4,7,8
4,7,9
4,7,10
4,8,9
4,8,10
4,9,10
5,6,7
5,6,8
5,6,9
5,6,10
5,7,8
5,7,9
5,7,10
5,8,9
5,8,10
5,9,10
5,635,639
6,7,8
6,7,9
6,7,10
6,8,9
6,8,10
6,9,10
6,19,725
6,19,734
6,19,766
6,45,80
6,70,80
6,70,415
6,80,415
6,80,734
6,725,729
6,734,737
6,734,766
7,8,9
7,8,10
7,9,10
8,9,10
11,12,13
11,12,14
11,12,15
11,12,16
11,12,17
11,12,19
11,12,20
11,12,615
11,13,14
11,13,15
11,13,16
11,14,15
11,14,16
11,15,16
11,19,20
11,19,43
11,19,284
11,19,732
11,19,766
11,20,732
11,43,49
11,43,57
11,43,70
11,43,708
11,49,57
11,49,70
11,49,95
11,57,70
11,70,415
11,247,284
11,415,732
11,415,902
11,615,768
11,708,732
11,708,766
11,732,766
11,732,928
11,732,1010
11,766,768
11,766,815
11,768,815
11,815,1024
11,928,930
11,928,1010
11,928,1024
11,930,1010
12,13,14
12,13,15
12,13,16
12,14,15
12,14,16
12,15,16
12,19,20
12,19,767
12,20,749
12,20,767
12,51,54
12,543,709
12,709,767
12,749,767
12,767,769
12,772,894
12,772,899
12,894,899
13,14,15
13,14,16
13,15,16
14,15,16
19,20,726
19,20,732
19,20,763
19,20,767
19,43,725
19,140,141
19,140,192
19,284,725
19,725,726
19,725,732
19,726,730
19,732,734
19,732,766
19,734,766
19,760,762
19,760,763
19,762,763
19,766,767
20,652,735
20,652,749
20,726,749
20,732,735
20,735,749
20,735,767
20,749,767
21,22,23
21,22,24
21,22,25
21,22,26
21,22,27
21,22,28
21,23,24
21,23,25
21,23,26
21,23,27
21,23,28
21,24,25
21,24,26
21,24,27
21,24,28
21,25,26
21,25,27
21,25,28
21,25,651
21,26,27
21,26,28
21,27,28
22,23,24
22,23,25
22,23,26
22,23,27
22,23,28
22,24,25
22,24,26
22,24,27
22,24,28
22,25,26
22,25,27
22,25,28
22,26,27
22,26,28
22,26,652
22,27,28
23,24,25
23,24,26
23,24,27
23,24,28
23,25,26
23,25,27
23,25,28
23,26,27
23,26,28
23,27,28
24,25,26
24,25,27
24,25,28
24,26,27
24,26,28
24,27,28
25,26,27
25,26,28
25,27,28
26,27,28
31,32,33
31,32,34
31,32,512
31,32,710
31,33,34
31,53,95
31,511,512
32,33,34
32,51,54
32,51,96
32,54,96
32,71,96
32,96,726
35,36,37
35,36,38
35,36,39
35,36,40
35,36,41
35,36,42
35,37,38
35,37,39
35,37,40
35,37,41
35,37,42
35,38,39
35,38,40
35,38,41
35,38,42
35,39,40
35,39,41
35,39,42
35,40,41
35,40,42
35,41,42
35,92,95
35,307,309
35,307,313
35,309,313
36,37,38
36,37,39
36,37,40
36,37,41
36,37,42
36,38,39
36,38,40
36,38,41
36,38,42
36,39,40
36,39,41
36,39,42
36,40,41
36,40,42
36,41,42
36,44,46
36,44,93
36,46,93
36,46,96
36,93,94
36,93,96
36,93,99
36,94,96
36,94,99
36,96,99
36,96,726
36,266,267
36,266,269
36,267,269
36,310,314
37,38,39
37,38,40
37,38,41
37,38,42
37,39,40
37,39,41
37,39,42
37,40,41
37,40,42
37,41,42
38,39,40
38,39,41
38,39,42
38,40,41
38,40,42
38,41,42
39,40,41
39,40,42
39,41,42
40,41,42
43,44,45
43,44,46
43,44,47
43,44,48
43,44,669
43,45,46
43,45,47
43,45,48
43,45,53
43,45,57
43,45,669
43,45,708
43,46,47
43,46,48
43,46,669
43,46,672
43,47,48
43,49,53
43,49,57
43,49,66
43,49,70
43,49,669
43,53,57
43,57,70
43,66,70
43,70,98
43,669,672
43,669,708
43,669,725
43,708,725
44,45,46
44,45,47
44,45,48
44,45,50
44,45,669
44,46,47
44,46,48
44,46,54
44,46,58
44,46,93
44,46,669
44,47,48
44,50,51
44,50,54
44,50,58
44,50,93
44,51,54
44,51,58
44,54,58
44,67,71
45,46,47
45,46,48
45,46,80
45,46,669
45,47,48
45,50,53
45,53,57
45,53,671
45,57,80
45,57,92
45,669,671
45,669,708
46,47,48
46,54,58
46,54,96
46,58,81
46,58,672
46,80,81
46,80,96
46,81,96
46,93,96
46,669,672
46,709,710
49,50,51
49,50,52
49,50,53
49,50,54
49,50,55
49,50,56
49,50,64
49,51,52
49,51,53
49,51,54
49,51,55
49,51,56
49,51,64
49,52,53
49,52,54
49,52,55
49,52,56
49,53,54
49,53,55
49,53,56
49,53,57
49,53,64
49,53,95
49,54,55
49,54,56
49,54,64
49,55,56
49,57,70
49,57,80
49,57,92
49,64,70
49,64,95
49,66,70
49,66,577
49,70,80
49,70,197
49,70,577
49,80,95
49,92,95
49,92,683
49,577,669
50,51,52
50,51,53
50,51,54
50,51,55
50,51,56
50,51,58
50,51,64
50,51,65
50,51,96
50,52,53
50,52,54
50,52,55
50,52,56
50,53,54
50,53,55
50,53,56
50,53,58
50,53,64
50,53,65
50,54,55
50,54,56
50,54,58
50,54,64
50,54,65
50,54,96
50,55,56
50,58,72
50,64,65
50,65,72
50,65,96
50,93,96
50,93,686
51,52,53
51,52,54
51,52,55
51,52,56
51,53,54
51,53,55
51,53,56
51,53,58
51,53,64
51,53,65
51,54,55
51,54,56
51,54,58
51,54,64
51,54,65
51,54,96
51,55,56
51,64,65
51,65,96
52,53,54
52,53,55
52,53,56
52,54,55
52,54,56
52,55,56
53,54,55
53,54,56
53,54,58
53,54,64
53,54,65
53,55,56
53,57,58
53,64,65
53,64,95
53,104,236
54,55,56
54,64,65
54,65,96
54,96,99
57,70,80
57,893,904
57,893,947
59,60,61
59,60,62
59,60,63
59,60,64
59,60,65
59,61,62
59,61,63
59,61,64
59,61,65
59,62,63
59,62,64
59,62,65
59,63,64
59,63,65
59,64,65
60,61,62
60,61,63
60,61,64
60,61,65
60,62,63
60,62,64
60,62,65
60,63,64
60,63,65
60,64,65
61,62,63
61,62,64
61,62,65
61,63,64
61,63,65
61,64,65
62,63,64
62,63,65
62,64,65
63,64,65
66,67,68
66,67,69
66,67,71
66,67,72
66,67,593
66,68,69
66,70,71
66,70,72
66,70,577
66,70,591
66,70,679
66,71,72
66,71,577
66,71,591
66,72,577
66,72,591
66,72,593
66,577,579
66,577,581
66,577,591
66,577,593
66,577,594
66,577,679
66,577,732
66,579,581
66,579,591
66,581,591
66,581,593
66,591,593
66,591,594
66,591,679
66,591,732
66,593,594
66,679,732
67,68,69
67,71,72
67,72,593
67,592,593
70,71,72
70,71,73
70,71,74
70,71,577
70,71,591
70,72,73
70,72,74
70,72,577
70,72,591
70,73,74
70,80,415
70,415,679
70,577,591
70,577,679
70,591,599
70,591,679
71,72,73
71,72,74
71,72,577
71,72,578
71,72,591
71,73,74
71,577,578
71,577,591
71,577,595
71,577,598
71,578,598
71,591,595
71,591,598
71,595,598
71,595,686
72,73,74
72,94,353
72,94,421
72,94,812
72,577,578
72,577,591
72,577,593
72,578,593
72,591,593
75,76,77
75,76,78
75,76,81
75,77,78
75,80,81
75,80,528
76,77,78
76,81,526
79,80,81
80,81,82
80,81,87
80,81,88
80,81,96
80,81,392
80,81,526
80,88,415
80,88,417
80,95,96
80,415,417
80,526,528
81,88,89
81,89,418
81,96,735
81,416,418
83,84,85
83,84,86
83,85,86
84,85,86
88,89,90
88,89,91
88,90,91
88,415,417
89,90,91
92,93,94
92,93,95
92,93,96
92,93,98
92,93,99
92,94,95
92,94,96
92,94,98
92,94,99
92,95,96
92,95,98
92,95,99
92,95,187
92,95,725
92,96,98
92,96,99
92,98,99
92,98,187
92,734,737
93,94,95
93,94,96
93,94,98
93,94,99
93,95,96
93,95,98
93,95,99
93,96,98
93,96,99
93,96,188
93,98,99
93,99,188
94,95,96
94,95,98
94,95,99
94,96,98
94,96,99
94,96,189
94,98,99
94,99,189
94,189,421
94,189,812
94,684,688
95,96,97
95,96,98
95,96,99
95,98,99
95,98,187
96,98,99
96,99,188
96,99,189
96,188,189
98,99,100
98,99,101
98,100,101
98,522,553
99,100,101
99,188,189
102,103,104
102,103,105
102,103,106
102,103,133
102,104,105
102,104,106
102,104,139
102,105,106
102,105,108
102,105,133
102,105,139
102,107,108
102,107,132
102,108,116
102,108,117
102,108,133
102,108,139
102,108,247
102,116,117
102,132,133
102,132,136
102,132,192
102,132,223
102,133,136
102,133,192
102,139,145
103,104,105
103,104,106
103,104,305
103,104,393
103,104,415
103,105,106
103,105,133
103,133,393
103,237,393
103,305,306
104,105,106
104,105,139
104,171,197
104,171,200
104,197,200
104,236,392
104,276,392
104,276,393
104,276,415
104,305,350
104,392,393
105,108,133
105,108,139
107,108,109
107,108,209
107,132,200
107,132,392
107,240,392
107,252,350
107,252,392
107,392,393
108,110,209
108,116,117
108,139,210
108,209,210
108,209,247
108,210,247
110,111,112
110,111,113
110,111,114
110,112,113
110,112,114
110,113,114
111,112,113
111,112,114
111,113,114
112,113,114
116,117,118
119,120,121
119,120,122
119,120,123
119,120,124
119,120,248
119,120,257
119,121,122
119,121,123
119,121,124
119,121,209
119,121,210
119,122,123
119,122,124
119,123,124
119,209,210
119,209,247
119,209,254
119,210,247
119,210,254
119,210,255
119,210,257
119,247,248
119,247,252
119,247,253
119,247,254
119,247,255
119,247,257
119,248,252
119,248,253
119,248,255
119,248,257
119,252,253
119,252,254
119,252,255
119,252,257
119,253,254
119,253,255
119,253,257
119,254,255
119,254,257
119,255,257
120,121,122
120,121,123
120,121,124
120,122,123
120,122,124
120,123,124
120,248,257
121,122,123
121,122,124
121,123,124
121,209,210
122,123,124
127,128,129
127,128,130
127,128,131
127,129,130
127,129,131
127,130,131
128,129,130
128,129,131
128,130,131
129,130,131
132,133,134
132,133,135
132,133,136
132,133,192
132,133,236
132,134,135
132,136,154
132,154,171
132,154,180
132,154,192
132,171,192
132,171,200
132,180,192
132,180,200
132,180,236
132,187,392
132,192,200
132,192,236
132,236,392
132,733,734
133,134,135
133,141,193
133,155,181
133,155,193
133,188,189
133,188,193
133,188,393
133,192,193
133,192,236
138,139,145
138,145,147
138,147,236
138,147,392
138,236,392
138,376,392
139,156,158
140,141,142
140,141,143
140,141,144
140,141,201
140,142,143
140,142,144
140,143,144
140,154,175
140,154,192
140,175,192
140,192,200
140,200,201
141,142,143
141,142,144
141,143,144
141,146,148
141,146,193
141,148,193
141,193,194
141,193,201
142,143,144
145,146,147
145,146,148
145,146,149
145,146,150
145,146,151
145,146,152
145,146,153
145,146,154
145,146,176
145,146,253
145,147,148
145,147,149
145,147,150
145,147,151
145,147,152
145,147,153
145,148,149
145,148,150
145,148,151
145,148,152
145,148,153
145,149,150
145,149,151
145,149,152
145,149,153
145,150,151
145,150,152
145,150,153
145,151,152
145,151,153
145,152,153
146,147,148
146,147,149
146,147,150
146,147,151
146,147,152
146,147,153
146,148,149
146,148,150
146,148,151
146,148,152
146,148,153
146,148,160
146,148,193
146,149,150
146,149,151
146,149,152
146,149,153
146,150,151
146,150,152
146,150,153
146,151,152
146,151,153
146,152,153
146,154,155
146,154,156
146,154,158
146,155,156
146,155,158
146,155,160
146,155,193
146,156,158
146,156,193
146,158,160
146,158,193
146,160,193
146,176,193
146,245,253
147,148,149
147,148,150
147,148,151
147,148,152
147,148,153
147,149,150
147,149,151
147,149,152
147,149,153
147,150,151
147,150,152
147,150,153
147,151,152
147,151,153
147,152,153
147,236,392
147,241,393
147,392,393
148,149,150
148,149,151
148,149,152
148,149,153
148,150,151
148,150,152
148,150,153
148,151,152
148,151,153
148,152,153
148,160,193
149,150,151
149,150,152
149,150,153
149,151,152
149,151,153
149,152,153
150,151,152
150,151,153
150,152,153
151,152,153
152,200,201
154,155,156
154,155,157
154,155,158
154,155,194
154,156,157
154,156,158
154,156,194
154,157,158
154,158,194
154,171,175
154,171,192
154,171,197
154,175,192
154,175,197
154,175,217
154,175,258
154,180,192
154,180,194
154,192,194
154,192,197
154,192,258
154,192,477
154,217,258
155,156,157
155,156,158
155,156,181
155,156,193
155,156,194
155,156,218
155,156,478
155,156,741
155,157,158
155,158,160
155,158,181
155,158,193
155,158,194
155,158,478
155,158,741
155,160,193
155,160,201
155,181,194
155,181,201
155,193,194
155,193,201
156,157,158
156,158,181
156,158,193
156,158,194
156,158,478
156,158,741
156,158,763
156,181,194
156,193,194
158,160,193
158,181,194
158,193,194
158,478,479
159,160,161
159,160,162
159,161,162
160,161,162
160,193,201
163,164,165
163,164,166
163,165,166
164,165,166
171,172,173
171,172,174
171,172,175
171,172,176
171,173,174
171,173,175
171,173,176
171,174,175
171,174,176
171,175,176
171,175,192
171,175,197
171,175,227
171,175,569
171,176,227
171,192,197
171,192,200
171,197,200
172,173,174
172,173,175
172,173,176
172,174,175
172,174,176
172,175,176
173,174,175
173,174,176
173,175,176
174,175,176
175,176,193
175,176,227
175,176,237
175,176,909
175,192,193
175,192,197
175,192,236
175,192,237
175,192,258
175,193,237
175,217,258
175,227,258
175,236,237
175,258,262
176,181,194
176,181,201
176,188,189
176,188,193
176,188,201
176,189,201
176,193,194
176,193,198
176,193,201
176,193,237
176,198,201
176,227,228
176,909,910
177,178,179
180,181,182
180,181,183
180,181,184
180,181,194
180,182,183
180,182,184
180,182,194
180,183,184
180,192,193
180,192,194
180,192,200
180,192,236
180,192,237
180,193,194
180,193,237
180,236,237
181,182,183
181,182,184
181,182,194
181,183,184
182,183,184
185,186,188
185,186,189
185,187,188
185,187,189
185,188,189
186,188,189
187,188,189
187,188,190
187,188,191
187,189,190
187,189,191
187,190,191
187,415,580
188,189,190
188,189,191
188,189,201
188,189,416
188,190,191
188,193,201
188,393,416
189,190,191
189,416,421
192,193,194
192,193,195
192,193,196
192,193,237
192,194,195
192,194,196
192,195,196
192,197,200
192,200,258
192,236,237
193,194,195
193,194,196
193,195,196
193,198,201
194,195,196
197,198,199
197,198,231
197,198,270
198,231,232
200,201,202
200,201,244
203,204,205
206,207,208
209,210,211
209,210,231
209,210,247
209,210,254
209,231,232
209,247,254
210,247,254
210,247,255
210,247,257
210,254,255
210,254,257
210,255,257
212,213,214
212,213,215
212,213,216
212,213,670
212,214,215
212,214,216
212,215,216
212,276,277
212,276,670
212,276,671
212,277,670
212,669,670
212,669,671
212,670,671
213,214,215
213,214,216
213,215,216
213,670,676
214,215,216
216,709,710
217,218,219
217,218,220
217,218,221
217,218,222
217,219,220
217,219,221
217,219,222
217,220,221
217,220,222
217,221,222
217,258,259
218,219,220
218,219,221
218,219,222
218,220,221
218,220,222
218,221,222
219,220,221
219,220,222
219,221,222
220,221,222
223,224,225
223,224,226
223,225,226
224,225,226
227,228,229
227,228,230
227,229,230
228,229,230
231,232,233
231,232,234
231,232,235
231,233,234
231,233,235
231,234,235
231,501,502
231,501,737
232,233,234
232,233,235
232,234,235
233,234,235
236,237,238
236,237,239
236,237,252
236,237,253
236,238,239
236,252,253
236,252,254
236,252,392
236,253,254
236,253,581
236,254,392
236,266,392
237,238,239
237,248,252
237,248,253
237,248,255
237,248,257
237,248,393
237,252,253
237,252,255
237,252,257
237,253,255
237,253,257
237,253,393
237,255,257
237,255,393
240,241,242
240,241,243
240,241,244
240,241,247
240,241,259
240,241,276
240,241,280
240,241,377
240,242,243
240,242,244
240,243,244
240,276,280
240,276,392
240,280,376
240,280,392
240,376,377
240,376,392
241,242,243
241,242,244
241,243,244
241,247,248
241,247,393
241,248,393
241,259,393
241,276,277
241,276,280
241,276,393
241,277,283
241,277,393
241,280,283
241,283,377
241,377,393
242,243,244
245,247,252
245,247,253
245,247,254
245,247,255
245,247,257
245,252,253
245,252,254
245,252,255
245,252,257
245,253,254
245,253,255
245,253,257
245,254,255
245,254,257
245,255,257
245,934,938
247,248,249
247,248,250
247,248,251
247,248,252
247,248,253
247,248,255
247,248,257
247,248,350
247,248,393
247,249,250
247,249,251
247,250,251
247,252,253
247,252,254
247,252,255
247,252,257
247,252,350
247,253,254
247,253,255
247,253,257
247,253,393
247,254,255
247,254,257
247,255,257
247,255,393
248,249,250
248,249,251
248,250,251
248,252,253
248,252,255
248,252,257
248,252,350
248,253,255
248,253,257
248,253,393
248,255,257
248,255,393
249,250,251
252,253,254
252,253,255
252,253,256
252,253,257
252,254,255
252,254,256
252,254,257
252,254,392
252,255,256
252,255,257
252,256,257
253,254,255
253,254,256
253,254,257
253,255,256
253,255,257
253,255,393
253,256,257
253,579,581
254,255,256
254,255,257
254,256,257
255,256,257
258,259,260
258,259,261
258,259,262
258,260,261
258,284,388
259,260,261
262,263,264
262,263,265
262,264,265
263,264,265
266,267,268
266,267,269
266,267,328
266,267,393
266,268,269
266,269,328
266,269,329
266,269,393
266,328,329
266,392,393
266,415,422
266,422,658
266,658,659
266,658,660
266,658,661
266,659,660
266,659,661
266,660,661
267,268,269
267,269,328
267,269,393
269,328,329
270,271,272
270,271,273
270,272,273
271,272,273
274,284,725
274,307,313
274,725,726
276,277,278
276,277,279
276,277,281
276,277,393
276,277,610
276,277,612
276,277,670
276,278,279
276,280,281
276,280,392
276,281,393
276,392,393
276,603,606
276,603,607
276,603,610
276,603,612
276,603,671
276,606,607
276,606,610
276,606,612
276,607,610
276,607,612
276,610,612
276,670,671
277,278,279
277,281,283
277,281,393
277,393,554
277,554,610
277,610,612
280,281,282
280,281,283
280,281,376
280,282,283
280,376,392
281,282,283
281,283,377
281,376,377
281,376,393
281,377,393
281,393,416
284,285,286
284,285,287
284,286,287
284,388,460
284,388,465
284,388,466
284,388,477
284,388,478
284,388,569
284,388,606
284,388,660
284,422,477
284,460,465
284,460,466
284,460,477
284,460,478
284,460,660
284,465,466
284,465,467
284,465,477
284,465,478
284,465,660
284,466,467
284,466,478
284,467,562
284,467,660
284,477,478
284,478,519
284,518,519
284,518,606
284,519,580
284,519,606
284,562,660
284,569,606
285,286,287
288,289,290
289,290,291
289,290,292
289,290,293
289,290,294
289,290,295
289,290,316
289,291,292
289,291,293
289,291,294
289,292,293
289,292,294
289,293,294
289,295,320
289,320,350
289,350,354
290,291,292
290,291,293
290,291,294
290,292,293
290,292,294
290,293,294
290,295,296
290,295,301
290,296,321
291,292,293
291,292,294
291,293,294
292,293,294
295,296,297
295,296,298
295,296,299
295,296,300
295,297,298
295,297,299
295,297,300
295,298,299
295,298,300
295,299,300
295,301,320
296,297,298
296,297,299
296,297,300
296,298,299
296,298,300
296,299,300
296,302,303
296,302,321
296,303,321
297,298,299
297,298,300
297,299,300
298,299,300
301,302,303
301,302,304
301,302,305
301,302,320
301,303,304
301,303,305
301,303,367
301,305,350
301,305,367
301,320,350
301,320,367
301,350,367
302,303,304
302,303,305
302,303,306
302,303,321
302,303,368
302,305,306
302,320,321
302,320,368
302,321,368
303,305,306
303,305,367
303,321,368
303,351,368
303,367,368
305,307,309
305,307,313
305,309,313
305,313,350
305,350,367
306,308,310
307,308,309
307,308,310
307,308,311
307,308,312
307,308,313
307,308,314
307,308,315
307,309,310
307,309,311
307,309,312
307,309,313
307,309,314
307,309,315
307,309,320
307,310,311
307,310,312
307,310,313
307,310,314
307,310,315
307,311,312
307,311,313
307,311,314
307,311,315
307,312,313
307,312,314
307,312,315
307,313,314
307,313,315
307,313,320
307,314,315
308,309,310
308,309,311
308,309,312
308,309,313
308,309,314
308,309,315
308,310,311
308,310,312
308,310,313
308,310,314
308,310,315
308,310,321
308,310,351
308,311,312
308,311,313
308,311,314
308,311,315
308,312,313
308,312,314
308,312,315
308,313,314
308,313,315
308,313,351
308,314,315
308,314,336
308,314,351
309,310,311
309,310,312
309,310,313
309,310,314
309,310,315
309,311,312
309,311,313
309,311,314
309,311,315
309,312,313
309,312,314
309,312,315
309,313,314
309,313,315
309,313,320
309,313,393
309,314,315
310,311,312
310,311,313
310,311,314
310,311,315
310,312,313
310,312,314
310,312,315
310,313,314
310,313,315
310,313,351
310,314,315
310,314,351
311,312,313
311,312,314
311,312,315
311,313,314
311,313,315
311,314,315
312,313,314
312,313,315
312,314,315
313,314,315
313,314,351
313,320,350
313,350,351
316,317,318
316,317,319
316,318,319
317,318,319
320,321,322
320,321,323
320,321,324
320,321,331
320,321,333
320,321,334
320,321,368
320,321,370
320,322,323
320,322,324
320,323,324
320,324,367
320,324,368
320,331,333
320,331,334
320,333,334
320,333,344
320,337,350
320,344,350
320,350,367
320,350,368
320,367,368
320,367,370
320,368,370
321,322,323
321,322,324
321,323,324
321,324,368
321,331,332
321,331,333
321,331,334
321,332,334
321,333,334
321,334,345
321,368,370
321,368,371
321,370,371
321,502,529
322,323,324
324,351,368
324,367,368
325,326,327
325,326,334
325,333,334
326,331,332
326,331,334
326,332,334
328,329,330
328,329,333
328,333,334
331,332,334
331,333,334
333,334,335
333,344,415
334,345,351
337,338,339
337,338,340
337,338,341
337,338,342
337,338,343
337,338,351
337,339,340
337,339,341
337,339,342
337,339,343
337,340,341
337,340,342
337,340,343
337,341,342
337,341,343
337,341,351
337,342,343
337,342,345
337,345,350
337,345,351
337,350,351
338,339,340
338,339,341
338,339,342
338,339,343
338,340,341
338,340,342
338,340,343
338,341,342
338,341,343
338,341,351
338,342,343
339,340,341
339,340,342
339,340,343
339,341,342
339,341,343
339,342,343
340,341,342
340,341,343
340,342,343
341,342,343
344,345,346
344,345,347
344,345,348
344,345,349
344,345,350
344,345,415
344,346,347
344,346,348
344,346,349
344,347,348
344,347,349
344,348,349
345,346,347
345,346,348
345,346,349
345,347,348
345,347,349
345,348,349
345,350,351
346,347,348
346,347,349
346,348,349
347,348,349
350,351,352
350,351,353
350,351,354
350,351,368
350,352,353
350,354,367
350,354,368
350,367,368
351,352,353
351,354,368
351,368,370
351,368,371
351,370,371
354,355,356
354,355,357
354,355,358
354,355,359
354,355,360
354,355,361
354,355,362
354,355,363
354,355,364
354,355,365
354,355,366
354,356,357
354,356,358
354,356,359
354,356,360
354,356,361
354,356,362
354,356,363
354,356,364
354,356,365
354,356,366
354,357,358
354,357,359
354,357,360
354,357,361
354,357,362
354,357,363
354,357,364
354,357,365
354,357,366
354,358,359
354,358,360
354,358,361
354,358,362
354,358,363
354,358,364
354,358,365
354,358,366
354,359,360
354,359,361
354,359,362
354,359,363
354,359,364
354,359,365
354,359,366
354,360,361
354,360,362
354,360,363
354,360,364
354,360,365
354,360,366
354,361,362
354,361,363
354,361,364
354,361,365
354,361,366
354,362,363
354,362,364
354,362,365
354,362,366
354,363,364
354,363,365
354,363,366
354,364,365
354,364,366
354,365,366
354,367,368
355,356,357
355,356,358
355,356,359
355,356,360
355,356,361
355,356,362
355,356,363
355,356,364
355,356,365
355,356,366
355,357,358
355,357,359
355,357,360
355,357,361
355,357,362
355,357,363
355,357,364
355,357,365
355,357,366
355,358,359
355,358,360
355,358,361
355,358,362
355,358,363
355,358,364
355,358,365
355,358,366
355,359,360
355,359,361
355,359,362
355,359,363
355,359,364
355,359,365
355,359,366
355,360,361
355,360,362
355,360,363
355,360,364
355,360,365
355,360,366
355,361,362
355,361,363
355,361,364
355,361,365
355,361,366
355,362,363
355,362,364
355,362,365
355,362,366
355,363,364
355,363,365
355,363,366
355,364,365
355,364,366
355,365,366
356,357,358
356,357,359
356,357,360
356,357,361
356,357,362
356,357,363
356,357,364
356,357,365
356,357,366
356,358,359
356,358,360
356,358,361
356,358,362
356,358,363
356,358,364
356,358,365
356,358,366
356,359,360
356,359,361
356,359,362
356,359,363
356,359,364
356,359,365
356,359,366
356,360,361
356,360,362
356,360,363
356,360,364
356,360,365
356,360,366
356,361,362
356,361,363
356,361,364
356,361,365
356,361,366
356,362,363
356,362,364
356,362,365
356,362,366
356,363,364
356,363,365
356,363,366
356,364,365
356,364,366
356,365,366
357,358,359
357,358,360
357,358,361
357,358,362
357,358,363
357,358,364
357,358,365
357,358,366
357,359,360
357,359,361
357,359,362
357,359,363
357,359,364
357,359,365
357,359,366
357,360,361
357,360,362
357,360,363
357,360,364
357,360,365
357,360,366
357,361,362
357,361,363
357,361,364
357,361,365
357,361,366
357,362,363
357,362,364
357,362,365
357,362,366
357,363,364
357,363,365
357,363,366
357,364,365
357,364,366
357,365,366
358,359,360
358,359,361
358,359,362
358,359,363
358,359,364
358,359,365
358,359,366
358,360,361
358,360,362
358,360,363
358,360,364
358,360,365
358,360,366
358,361,362
358,361,363
358,361,364
358,361,365
358,361,366
358,362,363
358,362,364
358,362,365
358,362,366
358,363,364
358,363,365
358,363,366
358,364,365
358,364,366
358,365,366
359,360,361
359,360,362
359,360,363
359,360,364
359,360,365
359,360,366
359,361,362
359,361,363
359,361,364
359,361,365
359,361,366
359,362,363
359,362,364
359,362,365
359,362,366
359,363,364
359,363,365
359,363,366
359,364,365
359,364,366
359,365,366
360,361,362
360,361,363
360,361,364
360,361,365
360,361,366
360,362,363
360,362,364
360,362,365
360,362,366
360,363,364
360,363,365
360,363,366
360,364,365
360,364,366
360,365,366
361,362,363
361,362,364
361,362,365
361,362,366
361,363,364
361,363,365
361,363,366
361,364,365
361,364,366
361,365,366
362,363,364
362,363,365
362,363,366
362,364,365
362,364,366
362,365,366
363,364,365
363,364,366
363,365,366
364,365,366
367,368,369
367,368,370
367,368,371
367,368,477
367,370,371
368,370,371
370,415,416
372,373,374
372,373,375
372,374,375
373,374,375
376,377,378
376,377,379
376,377,380
376,377,381
376,377,393
376,378,379
376,380,381
376,392,393
377,378,379
377,380,381
380,381,382
380,381,383
380,381,384
380,382,383
380,382,384
380,383,384
381,382,383
381,382,384
381,383,384
382,383,384
382,383,485
382,484,485
385,386,387
385,386,586
385,585,586
385,586,591
388,389,390
388,389,391
388,389,392
388,389,393
388,390,391
388,392,393
388,392,404
388,392,406
388,393,406
388,404,406
388,404,447
388,404,460
388,404,465
388,404,469
388,406,465
388,406,469
388,429,465
388,429,466
388,429,660
388,440,447
388,440,460
388,440,465
388,440,469
388,440,477
388,440,658
388,440,660
388,447,460
388,447,465
388,447,477
388,447,683
388,460,465
388,460,466
388,460,477
388,460,478
388,460,591
388,460,660
388,465,466
388,465,477
388,465,478
388,465,658
388,465,660
388,465,683
388,466,478
388,466,683
388,477,478
388,477,599
388,494,505
388,494,511
388,494,522
388,494,553
388,494,569
388,494,591
388,494,658
388,511,522
388,511,553
388,511,569
388,522,553
388,522,585
388,522,606
388,526,528
388,553,555
388,553,591
388,569,585
388,569,606
388,585,586
388,585,606
388,585,683
388,586,591
388,591,599
388,591,606
388,591,658
388,591,660
388,591,669
388,599,606
388,599,669
388,606,658
388,658,660
389,390,391
389,392,393
389,393,402
389,393,416
389,393,470
389,401,402
389,402,416
389,518,519
392,393,394
392,393,395
392,393,396
392,393,397
392,393,406
392,394,395
392,394,396
392,394,397
392,395,396
392,395,397
392,396,397
392,404,406
392,404,472
392,406,472
392,638,642
393,394,395
393,394,396
393,394,397
393,395,396
393,395,397
393,396,397
393,402,405
393,402,407
393,402,416
393,405,406
393,405,407
393,405,470
393,406,407
393,407,470
393,529,554
394,395,396
394,395,397
394,396,397
395,396,397
398,399,400
401,402,403
401,402,473
401,402,507
401,402,508
401,404,447
401,404,472
401,404,609
401,440,447
401,440,472
401,472,473
401,501,502
401,501,507
401,501,508
401,502,507
401,502,508
401,507,508
402,405,407
402,405,466
402,407,466
402,407,473
402,416,421
402,421,466
402,448,466
402,448,473
402,466,473
402,507,508
404,405,406
404,405,407
404,405,461
404,405,563
404,406,407
404,406,465
404,406,469
404,406,472
404,447,460
404,447,465
404,460,461
404,460,465
404,461,465
404,469,472
404,469,562
404,562,563
405,406,407
405,407,466
405,407,470
405,433,461
405,433,466
405,461,466
406,407,473
406,469,472
406,469,473
406,472,473
407,466,473
407,470,473
409,410,411
409,410,412
409,410,413
409,410,414
409,410,418
409,410,433
409,411,412
409,411,413
409,411,414
409,412,413
409,412,414
409,413,414
409,415,416
409,415,417
409,415,418
409,415,421
409,415,432
409,415,580
409,415,669
409,415,675
409,415,679
409,416,417
409,416,418
409,416,421
409,416,675
409,416,676
409,417,418
409,417,421
409,417,679
409,418,421
409,432,433
409,432,465
409,432,477
409,433,465
409,447,465
409,447,477
409,465,477
409,580,675
409,580,676
409,669,676
409,675,676
409,675,679
409,676,679
410,411,412
410,411,413
410,411,414
410,412,413
410,412,414
410,413,414
411,412,413
411,412,414
411,413,414
412,413,414
415,416,417
415,416,418
415,416,419
415,416,420
415,416,421
415,416,595
415,416,675
415,416,683
415,416,903
415,416,955
415,417,418
415,417,419
415,417,420
415,417,421
415,417,443
415,417,679
415,417,682
415,417,683
415,418,419
415,418,420
415,418,421
415,418,682
415,418,903
415,419,420
415,419,421
415,420,421
415,420,580
415,420,679
415,421,443
415,421,682
415,421,903
415,422,456
415,432,507
415,432,683
415,507,580
415,580,595
415,580,675
415,580,902
415,595,903
415,669,682
415,669,732
415,675,679
415,675,682
415,675,683
415,675,732
415,679,682
415,679,683
415,679,732
415,682,732
415,902,903
415,955,956
416,417,418
416,417,419
416,417,420
416,417,421
416,417,683
416,418,419
416,418,420
416,418,421
416,418,589
416,418,684
416,418,903
416,419,420
416,419,421
416,420,421
416,421,589
416,421,903
416,423,478
416,478,670
416,589,676
416,595,676
416,595,903
416,670,676
416,675,676
416,675,683
416,683,684
417,418,419
417,418,420
417,418,421
417,418,682
417,419,420
417,419,421
417,420,421
417,420,679
417,421,443
417,421,682
417,679,682
417,679,683
417,898,930
418,419,420
418,419,421
418,420,421
418,421,589
418,421,682
418,421,903
418,581,684
418,899,903
419,420,421
421,461,466
421,461,661
421,466,661
421,499,661
422,423,424
422,423,425
422,423,426
422,423,427
422,423,477
422,423,489
422,424,425
422,424,426
422,424,427
422,425,426
422,425,427
422,426,427
422,440,477
422,440,658
422,456,477
422,489,658
423,424,425
423,424,426
423,424,427
423,425,426
423,425,427
423,426,427
423,433,441
423,433,478
423,441,478
423,477,478
423,478,659
424,425,426
424,425,427
424,426,427
425,426,427
428,429,430
428,429,431
428,430,431
429,430,431
429,432,433
429,432,465
429,433,465
429,433,466
429,465,466
429,465,660
429,562,660
432,433,434
432,433,460
432,433,465
432,437,465
432,440,460
432,440,465
432,440,477
432,460,465
432,460,477
432,465,477
432,465,683
433,438,461
433,438,466
433,441,448
433,441,461
433,441,465
433,441,466
433,441,478
433,448,453
433,448,461
433,448,465
433,448,466
433,453,461
433,460,461
433,460,465
433,460,466
433,460,478
433,461,465
433,461,466
433,465,466
433,465,478
433,466,478
437,438,439
437,438,466
437,465,466
437,465,648
438,461,466
438,461,595
440,441,442
440,441,465
440,441,469
440,441,472
440,443,447
440,447,460
440,447,465
440,447,467
440,447,477
440,460,465
440,460,477
440,460,648
440,460,660
440,465,467
440,465,477
440,465,648
440,465,658
440,465,660
440,467,660
440,469,472
440,472,477
440,626,658
440,626,660
440,658,660
441,444,461
441,448,461
441,448,465
441,448,466
441,448,473
441,461,465
441,461,466
441,461,661
441,465,466
441,465,478
441,466,473
441,466,478
441,466,661
441,469,470
441,469,472
441,469,473
441,470,472
441,470,473
441,472,473
441,473,478
443,444,445
443,444,446
443,445,446
443,447,448
444,445,446
444,461,604
444,461,648
444,604,635
444,635,648
447,448,449
447,448,450
447,448,451
447,448,456
447,448,465
447,448,467
447,448,477
447,449,450
447,449,451
447,450,451
447,456,460
447,456,465
447,456,477
447,460,465
447,460,477
447,465,467
447,465,477
447,465,683
448,449,450
448,449,451
448,450,451
448,453,461
448,456,457
448,456,461
448,456,465
448,456,477
448,461,465
448,461,466
448,461,481
448,461,648
448,465,466
448,465,467
448,465,477
448,465,648
448,466,467
448,466,473
449,450,451
452,453,454
452,453,455
452,454,455
453,454,455
456,457,458
456,457,459
456,458,459
456,460,461
456,460,465
456,460,477
456,460,478
456,460,647
456,461,465
456,465,477
456,465,478
456,465,647
456,477,478
457,458,459
460,461,462
460,461,463
460,461,464
460,461,465
460,461,466
460,461,595
460,461,648
460,462,463
460,462,464
460,463,464
460,465,466
460,465,477
460,465,478
460,465,647
460,465,648
460,465,660
460,466,478
460,466,647
460,477,478
460,591,595
460,591,598
460,591,660
460,595,598
460,647,648
461,462,463
461,462,464
461,463,464
461,465,466
461,465,648
461,466,661
461,529,604
461,595,604
462,463,464
465,466,467
465,466,468
465,466,478
465,466,647
465,466,683
465,467,468
465,467,660
465,477,478
465,647,648
465,658,660
466,467,468
466,473,478
466,478,502
466,478,659
466,600,616
466,616,659
466,616,661
466,659,661
467,562,660
469,470,471
469,470,472
469,470,473
469,471,472
469,471,473
469,472,473
470,471,472
470,471,473
470,472,473
471,472,473
472,580,591
473,579,581
474,475,476
477,478,479
477,599,615
477,599,671
478,502,529
478,519,529
478,529,532
478,529,670
480,481,482
480,481,483
480,481,485
480,482,483
480,483,484
480,483,485
480,484,485
481,482,483
481,483,485
483,484,485
484,485,486
484,485,487
484,485,488
484,485,1024
484,486,487
485,486,487
485,761,764
485,1024,1025
489,490,491
489,490,492
489,490,493
489,490,495
489,491,492
489,491,493
489,492,493
489,494,495
489,494,496
489,494,497
489,494,658
489,495,496
489,495,497
489,496,497
490,491,492
490,491,493
490,492,493
491,492,493
491,507,518
491,507,768
492,499,508
494,495,496
494,495,497
494,495,505
494,495,536
494,496,497
494,496,501
494,496,505
494,496,511
494,496,536
494,496,569
494,496,591
494,496,615
494,501,505
494,501,507
494,501,522
494,505,507
494,507,603
494,511,522
494,511,553
494,511,569
494,511,577
494,522,553
494,553,577
494,553,591
494,577,591
494,577,603
494,577,658
494,577,663
494,591,615
494,591,658
494,591,663
494,603,663
494,615,658
494,658,663
495,496,497
495,496,505
495,496,536
495,497,502
495,497,508
495,497,519
495,502,505
495,502,508
495,505,508
495,508,512
495,508,519
495,508,523
495,512,523
495,512,570
495,512,600
495,512,767
495,519,523
495,519,579
495,519,767
495,523,528
495,733,767
496,498,501
496,498,513
496,498,660
496,501,505
496,501,513
496,511,513
496,511,518
496,511,569
496,513,518
496,513,660
496,518,606
496,569,606
496,591,606
496,591,615
496,591,660
496,591,675
496,606,615
496,606,675
496,660,675
497,499,502
497,499,508
497,499,514
497,502,506
497,502,508
497,502,514
497,502,554
497,506,508
497,508,519
497,514,519
498,499,500
498,501,507
498,501,513
498,501,594
498,501,671
498,501,737
498,507,580
498,507,768
498,513,594
498,513,660
498,513,671
498,580,594
498,580,671
498,580,737
498,594,671
499,502,508
499,502,514
499,502,529
499,502,676
499,508,512
499,508,529
499,511,512
499,511,514
499,512,514
499,514,579
499,514,672
499,514,676
499,514,769
499,529,769
499,579,581
499,579,676
499,581,595
499,581,672
499,581,676
499,595,672
499,595,676
499,672,676
501,502,503
501,502,504
501,502,505
501,502,506
501,502,507
501,502,508
501,503,504
501,503,505
501,503,506
501,504,505
501,504,506
501,505,506
501,505,507
501,505,508
501,506,508
501,507,508
501,508,512
501,512,513
501,513,594
501,513,671
501,594,671
502,503,504
502,503,505
502,503,506
502,504,505
502,504,506
502,505,506
502,505,507
502,505,508
502,506,508
502,506,529
502,507,508
502,508,529
502,514,573
502,514,676
502,529,554
503,504,505
503,504,506
503,505,506
504,505,506
505,506,508
505,506,581
505,507,508
505,702,766
506,508,529
506,528,529
506,579,581
507,508,509
507,508,510
507,509,510
507,518,549
507,518,603
507,518,606
507,599,603
507,599,606
507,599,611
507,603,606
507,603,611
507,606,611
508,509,510
508,512,523
508,519,523
508,519,529
508,519,550
508,519,757
508,523,529
511,512,513
511,512,514
511,512,515
511,512,516
511,512,517
511,512,708
511,512,766
511,513,514
511,513,515
511,513,516
511,513,517
511,513,518
511,513,553
511,513,577
511,513,708
511,513,766
511,514,515
511,514,516
511,514,517
511,514,708
511,514,766
511,515,516
511,515,517
511,516,517
511,518,522
511,518,553
511,518,577
511,522,553
511,522,708
511,553,577
511,698,702
511,702,708
511,702,766
511,708,725
511,708,766
512,513,514
512,513,515
512,513,516
512,513,517
512,513,708
512,513,766
512,514,515
512,514,516
512,514,517
512,514,708
512,514,766
512,514,767
512,515,516
512,515,517
512,516,517
512,578,592
512,592,604
512,600,604
512,703,708
512,703,766
512,703,767
512,708,766
512,766,767
513,514,515
513,514,516
513,514,517
513,514,706
513,514,708
513,514,766
513,514,872
513,515,516
513,515,517
513,516,517
513,518,553
513,518,577
513,518,603
513,546,562
513,553,577
513,562,660
513,577,594
513,577,603
513,594,603
513,594,671
513,594,708
513,594,886
513,603,660
513,603,671
513,706,708
513,708,766
513,756,766
513,865,872
514,515,516
514,515,517
514,516,517
514,519,579
514,519,672
514,519,757
514,519,767
514,579,676
514,670,672
514,670,676
514,672,676
514,676,733
514,706,708
514,706,709
514,708,709
514,708,710
514,708,766
514,709,710
514,709,766
514,709,767
514,710,766
514,710,767
514,733,767
514,757,767
514,766,767
514,766,769
514,767,769
514,866,872
515,516,517
518,519,520
518,519,521
518,519,529
518,519,606
518,519,665
518,520,521
518,522,553
518,522,606
518,549,553
518,553,577
518,577,603
518,577,663
518,603,606
518,603,663
518,606,647
518,606,663
518,663,665
519,520,521
519,523,526
519,523,529
519,526,529
519,563,579
519,563,666
519,579,580
519,665,666
519,757,767
520,651,652
522,523,524
522,523,525
522,524,525
522,585,606
523,524,525
523,526,528
523,526,529
523,528,529
526,527,528
526,528,529
526,528,554
526,529,543
526,529,554
526,543,554
528,529,554
528,550,554
529,531,532
529,543,554
529,604,670
531,532,533
536,537,538
536,537,539
536,537,540
536,537,541
536,538,539
536,538,540
536,538,541
536,539,540
536,539,541
536,540,541
537,538,539
537,538,540
537,538,541
537,539,540
537,539,541
537,540,541
537,893,894
538,539,540
538,539,541
538,540,541
539,540,541
542,543,544
542,543,545
542,544,545
542,708,725
542,708,766
543,544,545
546,547,548
549,550,551
549,550,552
549,550,554
549,551,552
549,553,554
549,562,563
550,551,552
553,554,555
553,554,556
553,554,557
553,555,556
553,557,591
553,577,591
554,555,556
554,557,558
554,557,561
554,557,593
554,558,561
554,558,593
554,607,610
557,558,559
557,558,560
557,558,561
557,558,593
557,559,560
557,559,561
557,560,561
557,591,593
558,559,560
558,559,561
558,560,561
559,560,561
562,563,564
562,563,565
562,564,565
563,564,565
569,570,571
569,585,606
569,606,611
572,573,574
572,573,575
572,573,576
572,574,575
572,574,576
572,575,576
573,574,575
573,574,576
573,575,576
574,575,576
577,578,579
577,578,580
577,578,581
577,578,582
577,578,583
577,578,584
577,578,592
577,578,593
577,578,598
577,579,580
577,579,581
577,579,582
577,579,583
577,579,584
577,579,591
577,579,669
577,580,581
577,580,582
577,580,583
577,580,584
577,580,591
577,580,594
577,580,595
577,580,598
577,580,675
577,581,582
577,581,583
577,581,584
577,581,591
577,581,593
577,581,595
577,582,583
577,582,584
577,583,584
577,591,592
577,591,593
577,591,594
577,591,595
577,591,598
577,591,658
577,591,663
577,591,669
577,591,675
577,591,679
577,591,732
577,592,593
577,592,594
577,592,595
577,592,598
577,593,594
577,593,595
577,593,598
577,594,595
577,594,598
577,594,603
577,594,675
577,595,598
577,598,603
577,603,663
577,603,669
577,658,663
577,669,732
577,675,679
577,675,732
577,679,732
578,579,580
578,579,581
578,579,582
578,579,583
578,579,584
578,580,581
578,580,582
578,580,583
578,580,584
578,580,598
578,581,582
578,581,583
578,581,584
578,581,593
578,582,583
578,582,584
578,583,584
578,592,593
578,592,598
578,593,598
578,593,733
579,580,581
579,580,582
579,580,583
579,580,584
579,580,591
579,580,604
579,580,676
579,581,582
579,581,583
579,581,584
579,581,591
579,581,676
579,582,583
579,582,584
579,583,584
579,591,669
579,604,669
579,604,676
579,669,676
579,669,682
579,676,682
580,581,582
580,581,583
580,581,584
580,581,591
580,581,595
580,581,676
580,582,583
580,582,584
580,583,584
580,591,594
580,591,595
580,591,598
580,591,671
580,591,675
580,594,595
580,594,598
580,594,671
580,594,675
580,594,708
580,595,598
580,595,604
580,595,671
580,595,676
580,598,604
580,598,676
580,604,676
580,604,737
580,671,675
580,675,676
580,675,708
580,675,737
580,708,766
581,582,583
581,582,584
581,583,584
581,591,593
581,591,595
581,593,595
581,595,672
581,595,676
581,595,686
581,652,676
581,672,676
581,676,686
581,684,686
582,583,584
585,586,587
585,586,588
585,587,588
586,587,588
591,592,593
591,592,594
591,592,595
591,592,596
591,592,597
591,592,598
591,592,606
591,593,594
591,593,595
591,593,596
591,593,597
591,593,598
591,594,595
591,594,596
591,594,597
591,594,598
591,594,671
591,594,675
591,595,596
591,595,597
591,595,598
591,595,671
591,596,597
591,596,598
591,597,598
591,599,606
591,599,609
591,599,611
591,599,615
591,599,669
591,599,671
591,606,609
591,606,610
591,606,611
591,606,615
591,606,658
591,606,663
591,606,675
591,606,1044
591,609,610
591,609,611
591,609,615
591,609,663
591,609,669
591,609,1044
591,610,611
591,611,615
591,611,660
591,611,675
591,611,1044
591,615,658
591,626,658
591,626,660
591,658,660
591,658,663
591,660,663
591,660,675
591,660,679
591,669,671
591,669,732
591,671,675
591,675,679
591,675,732
591,679,732
591,702,732
592,593,594
592,593,595
592,593,596
592,593,597
592,593,598
592,593,616
592,593,659
592,593,1045
592,594,595
592,594,596
592,594,597
592,594,598
592,595,596
592,595,597
592,595,598
592,595,604
592,595,616
592,596,597
592,596,598
592,597,598
592,598,604
592,598,616
592,604,606
592,604,607
592,606,607
592,607,616
592,607,1045
592,616,659
593,594,595
593,594,596
593,594,597
593,594,598
593,595,596
593,595,597
593,595,598
593,595,616
593,595,1053
593,596,597
593,596,598
593,597,598
593,598,616
593,598,664
593,616,659
593,616,661
593,659,661
593,659,664
593,664,670
593,664,767
593,703,767
593,733,735
593,733,767
593,735,767
594,595,596
594,595,597
594,595,598
594,595,671
594,596,597
594,596,598
594,597,598
594,598,603
594,603,671
594,671,675
594,675,708
595,596,597
595,596,598
595,597,598
595,598,604
595,598,616
595,598,676
595,604,672
595,604,676
595,671,672
595,672,676
595,676,686
596,597,598
598,603,604
598,604,676
599,600,601
599,600,602
599,600,603
599,600,604
599,600,606
599,600,609
599,600,618
599,601,602
599,601,669
599,603,604
599,603,606
599,603,609
599,603,611
599,603,618
599,603,669
599,603,671
599,604,606
599,604,609
599,604,669
599,606,609
599,606,611
599,606,615
599,609,611
599,609,615
599,609,618
599,609,669
599,609,682
599,611,615
599,669,671
599,669,682
600,601,602
600,603,604
600,603,606
600,603,607
600,603,609
600,603,618
600,603,1044
600,604,606
600,604,607
600,604,609
600,606,607
600,606,609
600,606,1044
600,607,609
600,607,616
600,607,618
600,607,1044
600,607,1045
600,609,618
600,609,1044
600,1044,1045
603,604,605
603,604,606
603,604,607
603,604,609
603,604,610
603,604,612
603,604,669
603,606,607
603,606,609
603,606,610
603,606,611
603,606,612
603,606,623
603,606,663
603,606,1044
603,607,609
603,607,610
603,607,612
603,607,618
603,607,1044
603,609,610
603,609,611
603,609,612
603,609,618
603,609,663
603,609,669
603,609,1044
603,610,611
603,610,612
603,610,618
603,611,612
603,611,660
603,611,1044
603,612,618
603,619,623
603,623,660
603,660,663
603,669,671
604,606,607
604,606,609
604,606,610
604,606,612
604,607,609
604,607,610
604,607,612
604,609,610
604,609,612
604,609,669
604,610,612
604,635,733
604,669,670
604,669,672
604,669,676
604,670,672
604,670,676
604,672,676
604,676,733
604,733,737
604,893,899
606,607,608
606,607,609
606,607,610
606,607,612
606,607,1044
606,609,610
606,609,611
606,609,612
606,609,615
606,609,638
606,609,663
606,609,1044
606,610,611
606,610,612
606,611,612
606,611,615
606,611,675
606,611,1044
606,615,658
606,623,658
606,634,638
606,634,647
606,658,663
607,609,610
607,609,612
607,609,618
607,609,642
607,609,1044
607,610,612
607,610,616
607,610,618
607,610,661
607,612,616
607,612,618
607,612,624
607,612,661
607,616,661
607,618,620
607,618,661
607,620,624
607,624,661
607,1044,1045
609,610,611
609,610,612
609,610,613
609,610,614
609,610,618
609,611,612
609,611,613
609,611,614
609,611,615
609,611,642
609,611,1044
609,612,613
609,612,614
609,612,618
609,613,614
609,638,642
609,669,682
610,611,612
610,611,613
610,611,614
610,612,613
610,612,614
610,612,616
610,612,618
610,612,661
610,613,614
610,616,659
610,616,661
610,618,659
610,618,661
610,627,659
610,659,661
611,612,613
611,612,614
611,613,614
611,660,675
611,1044,1047
612,613,614
612,616,661
612,618,648
612,618,661
612,618,710
612,624,648
612,624,661
615,616,617
616,659,660
616,659,661
616,660,661
618,643,648
618,643,659
618,648,659
618,658,659
618,658,661
618,659,661
619,620,621
619,620,622
619,620,623
619,621,622
619,651,655
620,621,622
620,623,624
620,670,672
623,624,625
623,624,661
623,624,703
623,658,660
623,658,661
623,660,661
623,702,703
624,635,643
624,635,648
624,635,659
624,643,648
624,643,659
624,648,659
624,659,661
626,627,628
626,627,659
626,658,659
626,658,660
626,658,661
626,659,660
626,659,661
626,660,661
629,630,631
629,630,632
629,630,633
629,631,632
629,631,633
629,632,633
630,631,632
630,631,633
630,632,633
631,632,633
634,635,636
634,635,637
634,635,638
634,635,639
634,635,640
634,635,641
634,635,642
634,635,643
634,635,644
634,635,645
634,635,646
634,635,652
634,636,637
634,636,638
634,636,639
634,636,640
634,636,641
634,636,642
634,636,643
634,636,644
634,636,645
634,636,646
634,637,638
634,637,639
634,637,640
634,637,641
634,637,642
634,637,643
634,637,644
634,637,645
634,637,646
634,638,639
634,638,640
634,638,641
634,638,642
634,638,643
634,638,644
634,638,645
634,638,646
634,638,893
634,638,898
634,639,640
634,639,641
634,639,642
634,639,643
634,639,644
634,639,645
634,639,646
634,639,652
634,640,641
634,640,642
634,640,643
634,640,644
634,640,645
634,640,646
634,641,642
634,641,643
634,641,644
634,641,645
634,641,646
634,642,643
634,642,644
634,642,645
634,642,646
634,642,898
634,643,644
634,643,645
634,643,646
634,644,645
634,644,646
634,645,646
634,647,714
634,893,898
635,636,637
635,636,638
635,636,639
635,636,640
635,636,641
635,636,642
635,636,643
635,636,644
635,636,645
635,636,646
635,637,638
635,637,639
635,637,640
635,637,641
635,637,642
635,637,643
635,637,644
635,637,645
635,637,646
635,638,639
635,638,640
635,638,641
635,638,642
635,638,643
635,638,644
635,638,645
635,638,646
635,639,640
635,639,641
635,639,642
635,639,643
635,639,644
635,639,645
635,639,646
635,639,652
635,639,733
635,640,641
635,640,642
635,640,643
635,640,644
635,640,645
635,640,646
635,641,642
635,641,643
635,641,644
635,641,645
635,641,646
635,642,643
635,642,644
635,642,645
635,642,646
635,643,644
635,643,645
635,643,646
635,643,648
635,643,654
635,643,656
635,643,659
635,644,645
635,644,646
635,645,646
635,648,652
635,648,654
635,648,656
635,648,659
635,648,733
635,652,654
635,652,656
635,652,733
636,637,638
636,637,639
636,637,640
636,637,641
636,637,642
636,637,643
636,637,644
636,637,645
636,637,646
636,638,639
636,638,640
636,638,641
636,638,642
636,638,643
636,638,644
636,638,645
636,638,646
636,639,640
636,639,641
636,639,642
636,639,643
636,639,644
636,639,645
636,639,646
636,640,641
636,640,642
636,640,643
636,640,644
636,640,645
636,640,646
636,641,642
636,641,643
636,641,644
636,641,645
636,641,646
636,642,643
636,642,644
636,642,645
636,642,646
636,643,644
636,643,645
636,643,646
636,644,645
636,644,646
636,645,646
637,638,639
637,638,640
637,638,641
637,638,642
637,638,643
637,638,644
637,638,645
637,638,646
637,639,640
637,639,641
637,639,642
637,639,643
637,639,644
637,639,645
637,639,646
637,640,641
637,640,642
637,640,643
637,640,644
637,640,645
637,640,646
637,641,642
637,641,643
637,641,644
637,641,645
637,641,646
637,642,643
637,642,644
637,642,645
637,642,646
637,643,644
637,643,645
637,643,646
637,644,645
637,644,646
637,645,646
638,639,640
638,639,641
638,639,642
638,639,643
638,639,644
638,639,645
638,639,646
638,640,641
638,640,642
638,640,643
638,640,644
638,640,645
638,640,646
638,641,642
638,641,643
638,641,644
638,641,645
638,641,646
638,642,643
638,642,644
638,642,645
638,642,646
638,642,898
638,642,1035
638,643,644
638,643,645
638,643,646
638,644,645
638,644,646
638,645,646
638,893,898
638,893,904
638,893,1035
638,898,1035
638,904,1035
639,640,641
639,640,642
639,640,643
639,640,644
639,640,645
639,640,646
639,641,642
639,641,643
639,641,644
639,641,645
639,641,646
639,642,643
639,642,644
639,642,645
639,642,646
639,643,644
639,643,645
639,643,646
639,644,645
639,644,646
639,645,646
639,652,733
640,641,642
640,641,643
640,641,644
640,641,645
640,641,646
640,642,643
640,642,644
640,642,645
640,642,646
640,643,644
640,643,645
640,643,646
640,644,645
640,644,646
640,645,646
641,642,643
641,642,644
641,642,645
641,642,646
641,643,644
641,643,645
641,643,646
641,644,645
641,644,646
641,645,646
642,643,644
642,643,645
642,643,646
642,644,645
642,644,646
642,645,646
642,800,806
642,800,898
642,800,1035
642,806,898
642,806,1035
642,898,955
642,898,1035
643,644,645
643,644,646
643,645,646
643,648,654
643,648,656
643,648,659
644,645,646
647,648,649
647,648,650
647,648,654
647,649,650
647,651,654
648,649,650
648,652,654
648,652,655
648,652,656
648,652,733
648,655,656
651,652,653
651,652,654
651,652,655
651,652,731
651,653,654
651,734,737
652,653,654
652,655,656
652,676,733
652,676,735
652,733,735
652,735,749
655,656,657
658,659,660
658,659,661
658,659,662
658,659,663
658,660,661
658,660,662
658,660,663
658,661,662
658,928,929
659,660,661
659,660,662
659,660,663
659,661,662
659,663,664
659,905,1013
660,661,662
660,675,679
663,664,665
663,664,666
663,664,667
663,664,668
663,665,666
663,665,667
663,665,668
663,665,708
663,666,667
663,666,668
663,667,668
664,665,666
664,665,667
664,665,668
664,666,667
664,666,668
664,667,668
665,666,667
665,666,668
665,667,668
666,667,668
669,670,671
669,670,672
669,670,673
669,670,674
669,670,676
669,671,672
669,671,673
669,671,674
669,672,673
669,672,674
669,672,676
669,673,674
669,676,682
669,682,732
669,708,725
669,708,732
669,725,732
670,671,672
670,671,673
670,671,674
670,672,673
670,672,674
670,672,676
670,673,674
671,672,673
671,672,674
671,673,674
672,673,674
675,676,677
675,676,678
675,676,679
675,676,680
675,676,681
675,676,682
675,677,678
675,677,679
675,677,680
675,677,681
675,677,682
675,678,679
675,678,680
675,678,681
675,678,682
675,679,680
675,679,681
675,679,682
675,679,683
675,679,732
675,679,737
675,680,681
675,680,682
675,681,682
675,682,732
675,682,737
675,708,732
675,732,737
676,677,678
676,677,679
676,677,680
676,677,681
676,677,682
676,678,679
676,678,680
676,678,681
676,678,682
676,679,680
676,679,681
676,679,682
676,680,681
676,680,682
676,681,682
676,682,733
676,682,735
676,733,735
677,678,679
677,678,680
677,678,681
677,678,682
677,679,680
677,679,681
677,679,682
677,680,681
677,680,682
677,681,682
678,679,680
678,679,681
678,679,682
678,680,681
678,680,682
678,681,682
679,680,681
679,680,682
679,681,682
679,682,732
679,682,734
679,682,737
679,732,734
679,732,737
679,734,737
680,681,682
682,732,733
682,732,734
682,732,735
682,732,737
682,733,734
682,733,735
682,733,737
682,734,735
682,734,737
682,735,737
683,684,685
683,684,686
683,684,687
683,684,688
683,684,689
683,685,686
683,685,687
683,685,688
683,685,689
683,686,687
683,686,688
683,686,689
683,687,688
683,687,689
683,688,689
684,685,686
684,685,687
684,685,688
684,685,689
684,686,687
684,686,688
684,686,689
684,687,688
684,687,689
684,688,689
685,686,687
685,686,688
685,686,689
685,687,688
685,687,689
685,688,689
686,687,688
686,687,689
686,688,689
687,688,689
692,693,694
695,696,697
698,699,700
698,699,701
698,700,701
699,700,701
699,703,710
702,703,704
702,703,705
702,703,706
702,703,707
702,703,708
702,703,744
702,703,766
702,704,705
702,704,706
702,704,707
702,705,706
702,705,707
702,706,707
702,706,708
702,708,732
702,708,766
702,732,766
703,704,705
703,704,706
703,704,707
703,705,706
703,705,707
703,706,707
703,706,708
703,706,709
703,707,709
703,708,709
703,708,710
703,708,766
703,709,710
703,709,766
703,709,767
703,710,766
703,710,767
703,766,767
704,705,706
704,705,707
704,706,707
704,706,725
705,706,707
706,707,709
706,708,709
706,708,725
708,709,710
708,709,711
708,709,766
708,709,853
708,710,711
708,710,766
708,712,714
708,725,732
708,732,766
709,710,711
709,710,766
709,710,767
709,766,767
710,766,767
712,713,714
712,713,715
712,713,716
712,713,717
712,713,718
712,713,719
712,713,720
712,714,715
712,714,716
712,714,717
712,714,718
712,714,719
712,714,720
712,715,716
712,715,717
712,715,718
712,715,719
712,715,720
712,716,717
712,716,718
712,716,719
712,716,720
712,717,718
712,717,719
712,717,720
712,718,719
712,718,720
712,719,720
713,714,715
713,714,716
713,714,717
713,714,718
713,714,719
713,714,720
713,715,716
713,715,717
713,715,718
713,715,719
713,715,720
713,716,717
713,716,718
713,716,719
713,716,720
713,717,718
713,717,719
713,717,720
713,718,719
713,718,720
713,719,720
714,715,716
714,715,717
714,715,718
714,715,719
714,715,720
714,716,717
714,716,718
714,716,719
714,716,720
714,717,718
714,717,719
714,717,720
714,718,719
714,718,720
714,719,720
715,716,717
715,716,718
715,716,719
715,716,720
715,717,718
715,717,719
715,717,720
715,718,719
715,718,720
715,719,720
716,717,718
716,717,719
716,717,720
716,718,719
716,718,720
716,719,720
717,718,719
717,718,720
717,719,720
718,719,720
721,722,723
721,722,724
721,723,724
721,725,732
722,723,724
725,726,727
725,726,728
725,726,733
725,727,728
725,732,733
726,727,728
726,730,733
729,730,731
732,733,734
732,733,735
732,733,736
732,733,737
732,733,738
732,733,739
732,734,735
732,734,736
732,734,737
732,734,738
732,734,739
732,734,766
732,735,736
732,735,737
732,735,738
732,735,739
732,736,737
732,736,738
732,736,739
732,737,738
732,737,739
732,737,951
732,738,739
732,928,1010
733,734,735
733,734,736
733,734,737
733,734,738
733,734,739
733,735,736
733,735,737
733,735,738
733,735,739
733,735,767
733,736,737
733,736,738
733,736,739
733,737,738
733,737,739
733,738,739
734,735,736
734,735,737
734,735,738
734,735,739
734,736,737
734,736,738
734,736,739
734,737,738
734,737,739
734,738,739
735,736,737
735,736,738
735,736,739
735,737,738
735,737,739
735,738,739
735,749,757
735,749,767
735,757,767
736,737,738
736,737,739
736,738,739
737,738,739
740,741,742
740,741,743
740,741,744
740,741,745
740,741,746
740,741,747
740,741,748
740,742,743
740,742,744
740,742,745
740,742,746
740,742,747
740,742,748
740,743,744
740,743,745
740,743,746
740,743,747
740,743,748
740,744,745
740,744,746
740,744,747
740,744,748
740,745,746
740,745,747
740,745,748
740,746,747
740,746,748
740,747,748
741,742,743
741,742,744
741,742,745
741,742,746
741,742,747
741,742,748
741,743,744
741,743,745
741,743,746
741,743,747
741,743,748
741,744,745
741,744,746
741,744,747
741,744,748
741,745,746
741,745,747
741,745,748
741,746,747
741,746,748
741,747,748
742,743,744
742,743,745
742,743,746
742,743,747
742,743,748
742,744,745
742,744,746
742,744,747
742,744,748
742,745,746
742,745,747
742,745,748
742,746,747
742,746,748
742,747,748
743,744,745
743,744,746
743,744,747
743,744,748
743,745,746
743,745,747
743,745,748
743,746,747
743,746,748
743,747,748
744,745,746
744,745,747
744,745,748
744,746,747
744,746,748
744,747,748
745,746,747
745,746,748
745,747,748
746,747,748
749,751,752
749,757,767
749,761,765
750,751,752
750,751,753
750,751,754
750,751,755
750,752,753
750,752,754
750,752,755
750,753,754
750,753,755
750,754,755
750,756,757
751,752,753
751,752,754
751,752,755
751,753,754
751,753,755
751,754,755
752,753,754
752,753,755
752,754,755
753,754,755
756,757,758
756,757,759
756,757,764
756,758,759
756,893,898
756,893,904
757,758,759
757,772,826
757,772,894
757,772,899
757,826,894
757,894,899
757,894,931
757,899,931
760,761,762
760,761,763
760,761,764
760,761,765
760,762,763
760,762,764
760,762,765
760,763,764
760,763,765
760,764,765
761,762,763
761,762,764
761,762,765
761,763,764
761,763,765
761,764,765
762,763,764
762,763,765
762,764,765
763,764,765
766,767,768
766,767,769
766,767,770
766,768,769
766,768,770
766,768,815
766,769,770
767,768,769
767,768,770
767,769,770
768,769,770
771,772,807
771,772,882
771,772,893
771,772,894
771,772,898
771,772,909
771,772,916
771,772,923
771,772,1008
771,807,893
771,807,894
771,807,904
771,807,909
771,815,893
771,815,898
771,815,904
771,880,882
771,880,898
771,880,904
771,880,923
771,882,924
771,893,894
771,893,898
771,893,904
771,893,912
771,893,913
771,893,916
771,893,933
771,893,947
771,894,898
771,898,912
771,898,913
771,898,916
771,898,923
771,898,924
771,898,947
771,898,1009
771,904,909
771,904,912
771,904,916
771,904,923
771,904,924
771,904,1008
771,904,1009
771,909,912
771,909,913
771,909,916
771,909,923
771,909,924
771,909,1008
771,909,1009
771,912,913
771,912,916
771,912,923
771,912,924
771,913,916
771,913,923
771,916,923
771,916,924
771,923,924
771,923,1008
771,923,1009
771,924,1009
771,933,947
771,933,1008
771,947,1008
771,1008,1009
772,807,893
772,807,894
772,807,899
772,807,909
772,807,910
772,816,825
772,816,875
772,816,893
772,816,894
772,816,899
772,825,826
772,825,882
772,825,893
772,825,894
772,825,899
772,826,894
772,875,881
772,875,894
772,875,899
772,881,882
772,881,899
772,882,899
772,893,894
772,893,898
772,893,899
772,893,910
772,893,916
772,894,898
772,894,899
772,898,899
772,898,916
772,898,923
772,909,910
772,909,916
772,909,923
772,909,1008
772,910,916
772,910,923
772,916,923
772,923,1008
773,774,775
773,774,776
773,774,777
773,775,776
773,775,777
773,776,777
774,775,776
774,775,777
774,776,777
775,776,777
778,779,780
778,779,781
778,779,782
778,779,783
778,779,784
778,780,781
778,780,782
778,780,783
778,780,784
778,781,782
778,781,783
778,781,784
778,782,783
778,782,784
778,783,784
778,947,948
779,780,781
779,780,782
779,780,783
779,780,784
779,781,782
779,781,783
779,781,784
779,782,783
779,782,784
779,783,784
780,781,782
780,781,783
780,781,784
780,782,783
780,782,784
780,783,784
781,782,783
781,782,784
781,783,784
782,783,784
784,852,893
785,786,787
785,786,788
785,787,788
786,787,788
791,792,793
791,792,794
791,792,795
791,793,794
791,793,795
791,794,795
792,793,794
792,793,795
792,794,795
792,797,807
792,801,807
793,794,795
796,797,798
796,797,799
796,797,807
796,797,841
796,797,904
796,798,799
796,807,893
796,807,904
796,815,824
796,815,874
796,815,893
796,815,898
796,815,904
796,824,852
796,824,874
796,824,876
796,824,893
796,824,928
796,841,880
796,841,893
796,852,874
796,852,880
796,852,893
796,852,898
796,874,880
796,874,893
796,874,898
796,874,928
796,880,898
796,880,904
796,880,928
796,893,898
796,893,902
796,893,904
796,893,912
796,893,928
796,898,902
796,898,912
796,898,928
796,904,912
796,904,928
797,798,799
797,807,894
797,807,904
797,807,909
797,807,910
797,807,993
797,816,825
797,816,853
797,816,875
797,816,894
797,816,905
797,816,993
797,825,826
797,825,853
797,825,894
797,825,905
797,826,894
797,841,909
797,853,875
797,853,894
797,853,905
797,875,894
797,894,903
797,904,905
797,904,909
797,904,910
797,905,910
797,909,910
800,801,802
800,801,803
800,801,804
800,801,805
800,801,807
800,801,841
800,801,874
800,801,898
800,802,803
800,802,804
800,802,805
800,803,804
800,803,805
800,804,805
800,806,807
800,806,893
800,806,898
800,806,909
800,806,1035
800,807,893
800,807,909
800,841,893
800,841,909
800,841,930
800,874,893
800,874,898
800,893,898
800,893,930
800,893,1035
800,898,930
800,898,1035
800,909,1035
801,802,803
801,802,804
801,802,805
801,803,804
801,803,805
801,804,805
801,807,894
801,826,894
801,841,947
801,874,875
801,874,898
801,875,894
801,894,898
801,894,931
801,898,947
801,947,965
801,965,966
801,965,971
802,803,804
802,803,805
802,804,805
803,804,805
806,807,893
806,807,909
806,815,893
806,815,898
806,893,898
806,893,947
806,893,1035
806,898,947
806,898,1035
806,909,1035
806,947,965
807,893,894
807,893,899
807,893,904
807,893,910
807,894,899
807,904,909
807,904,910
807,909,910
808,809,810
811,812,813
811,812,814
811,813,814
812,813,814
815,816,817
815,816,818
815,816,893
815,816,952
815,817,818
815,824,874
815,824,893
815,874,893
815,874,898
815,893,898
815,893,904
815,893,992
815,898,1024
815,904,1024
816,817,818
816,825,835
816,825,842
816,825,853
816,825,893
816,825,894
816,825,899
816,825,905
816,825,952
816,835,875
816,835,880
816,842,853
816,842,875
816,853,875
816,853,894
816,853,899
816,853,905
816,875,880
816,875,894
816,875,899
816,893,894
816,893,899
816,894,899
821,822,823
824,825,826
824,825,835
824,825,893
824,835,874
824,835,928
824,845,852
824,845,893
824,852,874
824,852,893
824,874,893
824,874,928
824,893,928
825,826,842
825,826,894
825,833,842
825,835,836
825,835,882
825,837,842
825,842,853
825,853,882
825,853,894
825,853,899
825,853,905
825,882,899
825,882,905
825,893,894
825,893,899
825,894,899
827,828,829
827,828,830
827,828,831
827,829,830
827,829,831
827,830,831
828,829,830
828,829,831
828,830,831
829,830,831
832,833,834
835,836,875
835,836,880
835,874,875
835,874,880
835,874,882
835,874,928
835,875,880
835,875,928
835,880,882
835,880,928
835,928,931
835,928,1010
835,928,1024
835,1010,1011
836,875,880
836,875,881
836,880,881
836,1035,1036
837,838,839
837,838,840
837,838,842
837,839,840
837,841,842
838,839,840
841,842,843
841,842,844
841,842,869
841,842,871
841,842,930
841,843,844
841,869,871
841,871,930
841,893,930
841,893,947
842,843,844
842,853,875
842,869,871
842,871,875
842,871,930
842,871,931
842,875,889
842,930,931
845,846,847
845,846,848
845,846,849
845,846,850
845,846,853
845,847,848
845,847,849
845,847,850
845,847,904
845,848,849
845,848,850
845,849,850
845,849,882
845,852,853
845,852,880
845,852,893
845,853,881
845,853,882
845,853,894
845,880,881
845,880,882
845,880,904
845,881,882
845,881,904
845,893,894
845,893,904
845,893,997
845,904,997
846,847,848
846,847,849
846,847,850
846,848,849
846,848,850
846,848,905
846,849,850
846,850,905
846,853,905
847,848,849
847,848,850
847,849,850
848,849,850
848,850,905
851,852,853
852,853,854
852,853,855
852,853,856
852,854,855
852,854,856
852,855,856
852,857,874
852,857,880
852,874,880
852,874,886
852,874,893
852,874,898
852,874,907
852,880,886
852,880,898
852,893,898
853,854,855
853,854,856
853,855,856
853,875,881
853,875,894
853,875,899
853,881,882
853,881,899
853,881,905
853,882,899
853,882,905
853,894,899
854,855,856
857,858,859
857,858,860
857,858,861
857,858,862
857,858,863
857,858,864
857,858,881
857,859,860
857,859,861
857,859,862
857,859,863
857,859,864
857,859,881
857,859,882
857,860,861
857,860,862
857,860,863
857,860,864
857,861,862
857,861,863
857,861,864
857,862,863
857,862,864
857,862,881
857,863,864
857,874,880
857,874,882
857,880,881
857,880,882
857,881,882
858,859,860
858,859,861
858,859,862
858,859,863
858,859,864
858,859,881
858,860,861
858,860,862
858,860,863
858,860,864
858,861,862
858,861,863
858,861,864
858,862,863
858,862,864
858,862,881
858,863,864
859,860,861
859,860,862
859,860,863
859,860,864
859,861,862
859,861,863
859,861,864
859,862,863
859,862,864
859,862,881
859,863,864
859,881,882
860,861,862
860,861,863
860,861,864
860,862,863
860,862,864
860,863,864
861,862,863
861,862,864
861,863,864
862,863,864
862,881,904
865,866,867
865,866,868
865,866,869
865,866,870
865,866,871
865,866,872
865,866,873
865,867,868
865,867,869
865,867,870
865,867,871
865,867,872
865,867,873
865,868,869
865,868,870
865,868,871
865,868,872
865,868,873
865,869,870
865,869,871
865,869,872
865,869,873
865,870,871
865,870,872
865,870,873
865,871,872
865,871,873
865,872,873
866,867,868
866,867,869
866,867,870
866,867,871
866,867,872
866,867,873
866,868,869
866,868,870
866,868,871
866,868,872
866,868,873
866,869,870
866,869,871
866,869,872
866,869,873
866,870,871
866,870,872
866,870,873
866,871,872
866,871,873
866,872,873
867,868,869
867,868,870
867,868,871
867,868,872
867,868,873
867,869,870
867,869,871
867,869,872
867,869,873
867,870,871
867,870,872
867,870,873
867,871,872
867,871,873
867,872,873
868,869,870
868,869,871
868,869,872
868,869,873
868,870,871
868,870,872
868,870,873
868,871,872
868,871,873
868,872,873
869,870,871
869,870,872
869,870,873
869,871,872
869,871,873
869,872,873
870,871,872
870,871,873
870,872,873
871,872,873
871,874,875
871,874,882
871,882,905
871,904,905
871,904,930
871,905,931
871,930,931
874,875,880
874,875,928
874,880,882
874,880,886
874,880,898
874,880,928
874,882,886
874,893,898
874,893,928
874,898,928
874,907,928
875,880,881
875,880,928
875,881,899
875,894,899
875,894,929
875,899,929
875,908,929
875,928,929
876,877,878
876,877,879
876,878,879
877,878,879
880,881,882
880,881,883
880,881,884
880,881,885
880,881,886
880,881,904
880,882,883
880,882,884
880,882,885
880,882,886
880,883,884
880,883,885
880,884,885
880,898,923
880,898,928
880,904,923
880,904,928
880,923,928
881,882,883
881,882,884
881,882,885
881,882,886
881,882,899
881,882,905
881,882,924
881,883,884
881,883,885
881,884,885
881,904,905
881,904,924
882,883,884
882,883,885
882,884,885
883,884,885
886,887,888
889,890,891
889,890,892
889,891,892
890,891,892
893,894,895
893,894,896
893,894,897
893,894,898
893,894,899
893,894,929
893,894,938
893,894,1035
893,894,1039
893,895,896
893,895,897
893,896,897
893,898,899
893,898,902
893,898,912
893,898,913
893,898,916
893,898,928
893,898,929
893,898,930
893,898,947
893,898,970
893,898,974
893,898,1010
893,898,1011
893,898,1026
893,898,1029
893,898,1035
893,899,929
893,902,933
893,904,910
893,904,912
893,904,916
893,904,928
893,904,930
893,904,997
893,904,1010
893,904,1012
893,904,1026
893,904,1035
893,910,913
893,910,916
893,912,913
893,912,916
893,912,1012
893,913,916
893,916,1012
893,928,929
893,928,930
893,928,974
893,928,1010
893,928,1012
893,929,930
893,929,1011
893,929,1012
893,930,974
893,930,1010
893,930,1012
893,930,1026
893,930,1029
893,933,938
893,933,947
893,933,974
893,933,992
893,933,997
893,938,947
893,947,970
893,947,974
893,947,992
893,947,997
893,970,974
893,970,992
893,970,997
893,992,997
893,997,1029
893,1010,1011
893,1010,1012
893,1011,1012
893,1012,1026
893,1012,1029
893,1026,1029
893,1038,1039
894,895,896
894,895,897
894,896,897
894,898,899
894,898,929
894,898,1035
894,898,1036
894,899,903
894,899,929
894,899,931
894,899,1025
894,899,1027
894,899,1036
894,929,931
894,929,1025
894,929,1027
894,931,1025
894,931,1027
894,934,938
894,996,998
894,1025,1027
894,1035,1036
895,896,897
898,899,900
898,899,901
898,899,929
898,899,1036
898,900,901
898,900,1029
898,912,913
898,912,916
898,912,923
898,912,924
898,913,916
898,913,923
898,916,923
898,916,924
898,923,924
898,923,928
898,923,1006
898,923,1009
898,923,1010
898,923,1024
898,923,1026
898,923,1029
898,924,929
898,924,1006
898,924,1009
898,924,1011
898,928,929
898,928,930
898,928,974
898,928,1010
898,928,1024
898,929,930
898,929,1006
898,929,1011
898,930,974
898,930,1010
898,930,1026
898,930,1029
898,947,955
898,947,970
898,947,974
898,955,970
898,970,974
898,1006,1009
898,1006,1010
898,1006,1011
898,1006,1024
898,1010,1011
898,1024,1026
898,1024,1029
898,1026,1029
898,1035,1036
899,900,901
899,917,1027
899,929,931
899,929,1025
899,929,1027
899,931,1025
899,931,1027
899,931,1030
899,1025,1027
899,1025,1030
899,1027,1030
902,933,1008
904,905,906
904,905,907
904,905,908
904,905,910
904,905,928
904,905,1010
904,905,1013
904,905,1036
904,906,907
904,906,908
904,907,908
904,907,928
904,907,930
904,908,1013
904,909,910
904,909,912
904,909,916
904,909,923
904,909,924
904,909,928
904,909,1008
904,909,1009
904,909,1010
904,909,1012
904,909,1016
904,909,1024
904,909,1035
904,910,916
904,910,923
904,910,1013
904,910,1016
904,912,916
904,912,923
904,912,924
904,912,1012
904,916,923
904,916,924
904,916,1012
904,916,1016
904,923,924
904,923,928
904,923,1008
904,923,1009
904,923,1010
904,923,1012
904,923,1013
904,923,1016
904,923,1024
904,923,1026
904,924,1009
904,924,1013
904,928,930
904,928,1010
904,928,1012
904,928,1016
904,928,1024
904,930,1008
904,930,1010
904,930,1012
904,930,1016
904,930,1026
904,957,958
904,957,997
904,997,1008
904,1008,1009
904,1008,1010
904,1008,1012
904,1008,1026
904,1009,1013
904,1010,1012
904,1010,1013
904,1010,1016
904,1012,1013
904,1012,1016
904,1012,1024
904,1012,1026
904,1016,1024
904,1016,1026
904,1024,1026
904,1035,1036
905,906,907
905,906,908
905,907,908
905,907,928
905,907,929
905,907,931
905,908,929
905,908,1011
905,908,1013
905,910,917
905,910,931
905,910,1013
905,928,929
905,928,931
905,928,1010
905,929,931
905,929,1011
905,929,1013
905,931,1013
905,956,975
905,1010,1011
905,1010,1013
905,1011,1013
906,907,908
907,908,929
907,928,929
907,928,930
907,928,931
907,929,930
907,929,931
907,930,931
908,929,1006
908,929,1011
908,929,1013
908,1006,1011
908,1006,1013
908,1011,1013
909,910,911
909,910,913
909,910,916
909,910,917
909,910,923
909,910,1016
909,912,913
909,912,916
909,912,917
909,912,923
909,912,924
909,912,1012
909,913,916
909,913,917
909,913,923
909,916,917
909,916,923
909,916,924
909,916,1012
909,916,1016
909,917,920
909,917,923
909,917,924
909,923,924
909,923,928
909,923,1006
909,923,1008
909,923,1009
909,923,1010
909,923,1012
909,923,1016
909,923,1019
909,923,1024
909,924,1006
909,924,1009
909,924,1019
909,928,974
909,928,1010
909,928,1012
909,928,1016
909,928,1019
909,928,1024
909,1006,1008
909,1006,1009
909,1006,1010
909,1006,1012
909,1006,1024
909,1008,1009
909,1008,1010
909,1008,1012
909,1010,1012
909,1010,1016
909,1012,1016
909,1012,1024
909,1016,1024
909,1019,1024
910,913,916
910,913,917
910,913,923
910,913,931
910,916,917
910,916,923
910,916,1016
910,917,923
910,917,1020
910,923,1013
910,923,1016
910,923,1020
910,931,1013
910,931,1017
910,931,1025
910,1016,1017
910,1017,1025
912,913,914
912,913,915
912,913,916
912,913,917
912,913,923
912,913,931
912,914,915
912,916,917
912,916,923
912,916,924
912,916,1012
912,917,923
912,917,924
912,923,924
912,923,1012
913,914,915
913,916,917
913,916,923
913,917,923
916,917,918
916,917,923
916,917,924
916,923,924
916,923,1012
916,923,1016
916,1012,1016
917,920,1027
917,923,924
917,923,1020
917,924,1020
919,920,921
919,920,922
919,921,922
920,921,922
923,924,1006
923,924,1009
923,924,1013
923,924,1019
923,924,1020
923,928,1010
923,928,1012
923,928,1016
923,928,1019
923,928,1024
923,1006,1008
923,1006,1009
923,1006,1010
923,1006,1012
923,1006,1013
923,1006,1024
923,1008,1009
923,1008,1010
923,1008,1012
923,1008,1026
923,1008,1029
923,1009,1013
923,1009,1020
923,1010,1012
923,1010,1013
923,1010,1016
923,1010,1020
923,1012,1013
923,1012,1016
923,1012,1024
923,1012,1026
923,1012,1029
923,1016,1024
923,1016,1026
923,1016,1029
923,1019,1020
923,1019,1024
923,1024,1026
923,1024,1029
923,1026,1029
924,929,1006
924,929,1011
924,929,1013
924,929,1025
924,934,1006
924,1006,1009
924,1006,1011
924,1006,1013
924,1009,1013
924,1009,1020
924,1011,1013
924,1011,1020
924,1011,1025
924,1019,1020
925,926,927
925,928,930
925,928,1010
925,928,1012
925,930,1010
925,930,1012
925,930,1029
925,1010,1012
925,1012,1029
926,929,1011
926,929,1025
926,929,1027
926,1011,1025
926,1011,1027
926,1011,1030
926,1025,1027
926,1025,1030
926,1027,1030
928,929,930
928,929,931
928,929,932
928,929,1012
928,930,931
928,930,932
928,930,974
928,930,1010
928,930,1012
928,930,1016
928,930,1019
928,931,932
928,1010,1012
928,1010,1016
928,1012,1016
928,1012,1024
928,1016,1024
928,1019,1024
929,930,931
929,930,932
929,930,1012
929,931,932
929,931,1013
929,931,1017
929,931,1025
929,931,1027
929,1006,1011
929,1006,1012
929,1006,1013
929,1011,1012
929,1011,1013
929,1011,1025
929,1011,1027
929,1012,1013
929,1013,1027
929,1017,1025
929,1025,1027
930,931,932
930,1008,1010
930,1008,1012
930,1008,1026
930,1008,1029
930,1010,1012
930,1010,1016
930,1012,1016
930,1012,1026
930,1012,1029
930,1016,1026
930,1016,1029
930,1026,1029
931,1009,1013
931,1009,1027
931,1009,1030
931,1013,1027
931,1013,1030
931,1017,1025
931,1017,1030
931,1025,1027
931,1025,1030
931,1027,1030
933,934,935
933,934,936
933,934,937
933,934,938
933,934,939
933,934,940
933,934,947
933,935,936
933,935,937
933,935,938
933,935,939
933,935,940
933,936,937
933,936,938
933,936,939
933,936,940
933,937,938
933,937,939
933,937,940
933,938,939
933,938,940
933,938,947
933,939,940
933,947,974
933,947,992
933,947,995
933,947,997
933,947,1008
933,957,997
933,984,987
933,984,992
933,984,995
933,987,995
933,987,997
933,988,992
933,988,995
933,988,997
933,992,995
933,992,997
933,995,997
933,997,1008
934,935,936
934,935,937
934,935,938
934,935,939
934,935,940
934,936,937
934,936,938
934,936,939
934,936,940
934,937,938
934,937,939
934,937,940
934,938,939
934,938,940
934,938,947
934,938,948
934,938,993
934,938,1006
934,939,940
934,947,948
934,947,993
935,936,937
935,936,938
935,936,939
935,936,940
935,937,938
935,937,939
935,937,940
935,938,939
935,938,940
935,939,940
936,937,938
936,937,939
936,937,940
936,938,939
936,938,940
936,939,940
937,938,939
937,938,940
937,939,940
938,939,940
938,947,948
938,947,993
938,989,993
941,942,943
941,942,944
941,942,945
941,942,946
941,943,944
941,943,945
941,943,946
941,944,945
941,944,946
941,945,946
942,943,944
942,943,945
942,943,946
942,944,945
942,944,946
942,945,946
943,944,945
943,944,946
943,945,946
944,945,946
947,948,949
947,948,950
947,948,951
947,948,952
947,948,953
947,948,960
947,948,965
947,948,992
947,949,950
947,951,952
947,951,953
947,951,960
947,951,965
947,951,970
947,951,974
947,951,975
947,952,953
947,952,960
947,952,965
947,952,975
947,953,960
947,953,965
947,955,960
947,955,965
947,955,970
947,965,970
947,965,974
947,965,975
947,970,974
947,970,975
947,970,992
947,970,993
947,970,995
947,970,997
947,974,975
947,975,993
947,992,993
947,992,995
947,992,997
947,993,995
947,995,997
947,997,1008
948,949,950
948,951,952
948,951,953
948,951,960
948,951,965
948,952,953
948,952,960
948,952,965
948,953,960
948,953,965
948,992,996
948,992,998
948,996,998
951,952,953
951,952,954
951,952,960
951,952,961
951,952,965
951,952,971
951,952,975
951,953,954
951,953,960
951,953,961
951,953,965
951,953,976
951,953,984
951,960,961
951,965,970
951,965,971
951,965,974
951,965,975
951,970,971
951,970,974
951,970,975
951,970,976
951,970,977
951,971,974
951,971,975
951,971,976
951,974,975
951,974,976
951,975,976
952,953,954
952,953,960
952,953,961
952,953,965
952,953,978
952,956,960
952,956,961
952,956,965
952,956,971
952,956,975
952,956,978
952,956,989
952,960,961
952,965,971
952,965,975
952,971,975
952,971,978
952,975,978
952,988,989
953,960,961
953,984,985
955,956,957
955,956,958
955,956,959
955,956,960
955,956,965
955,956,971
955,956,976
955,956,977
955,956,978
955,957,958
955,957,959
955,957,960
955,957,965
955,957,976
955,957,977
955,958,959
955,958,965
955,958,976
955,958,977
955,965,970
955,965,971
955,970,971
955,970,976
955,970,977
955,970,978
955,971,976
955,971,978
955,977,978
956,957,958
956,957,959
956,957,960
956,957,965
956,957,976
956,957,977
956,958,959
956,958,961
956,958,965
956,958,976
956,958,977
956,960,961
956,965,966
956,965,971
956,965,975
956,971,975
956,971,976
956,971,978
956,975,976
956,975,978
956,977,978
957,958,959
957,958,965
957,958,976
957,958,977
957,977,997
960,961,962
960,961,963
960,961,964
960,962,963
960,962,964
960,963,964
961,962,963
961,962,964
961,963,964
962,963,964
965,966,967
965,966,968
965,966,969
965,967,968
965,967,969
965,968,969
965,970,971
965,970,974
965,970,975
965,971,974
965,971,975
965,974,975
966,967,968
966,967,969
966,968,969
967,968,969
970,971,972
970,971,973
970,971,974
970,971,975
970,971,976
970,971,978
970,971,993
970,972,973
970,972,974
970,972,975
970,972,976
970,973,974
970,973,975
970,973,976
970,974,975
970,974,976
970,975,976
970,975,978
970,975,993
970,976,992
970,976,993
970,977,978
970,977,992
970,977,997
970,978,993
970,992,993
970,992,995
970,992,997
970,993,995
970,995,997
971,972,973
971,972,974
971,972,975
971,972,976
971,973,974
971,973,975
971,973,976
971,974,975
971,974,976
971,975,976
971,975,978
971,975,993
971,976,993
971,978,993
971,993,996
971,993,998
971,996,998
972,973,974
972,973,975
972,973,976
972,974,975
972,974,976
972,975,976
973,974,975
973,974,976
973,975,976
974,975,976
975,976,993
975,978,993
976,992,993
977,978,979
977,978,980
977,978,981
977,978,982
977,978,983
977,979,980
977,979,981
977,979,982
977,979,983
977,980,981
977,980,982
977,980,983
977,981,982
977,981,983
977,982,983
977,992,997
978,979,980
978,979,981
978,979,982
978,979,983
978,980,981
978,980,982
978,980,983
978,981,982
978,981,983
978,982,983
979,980,981
979,980,982
979,980,983
979,981,982
979,981,983
979,982,983
980,981,982
980,981,983
980,982,983
981,982,983
984,985,986
984,985,987
984,986,987
984,987,995
984,992,993
984,992,995
984,993,995
985,986,987
987,995,996
987,995,997
987,995,998
987,996,997
987,996,998
987,997,998
988,989,990
988,989,991
988,989,992
988,989,993
988,990,991
988,992,993
988,992,995
988,992,997
988,993,995
988,995,997
989,990,991
989,992,993
992,993,994
992,993,995
992,993,996
992,993,998
992,995,996
992,995,997
992,995,998
992,996,997
992,996,998
992,997,998
993,995,996
993,995,998
993,996,998
995,996,997
995,996,998
995,996,999
995,996,1000
995,996,1001
995,997,998
995,997,999
995,997,1000
995,997,1001
995,998,999
995,998,1000
995,998,1001
995,999,1000
995,999,1001
995,1000,1001
996,997,998
996,997,999
996,997,1000
996,997,1001
996,998,999
996,998,1000
996,998,1001
996,999,1000
996,999,1001
996,1000,1001
997,998,999
997,998,1000
997,998,1001
997,999,1000
997,999,1001
997,1000,1001
997,1008,1029
998,999,1000
998,999,1001
998,1000,1001
999,1000,1001
1002,1003,1004
1002,1003,1005
1002,1004,1005
1003,1004,1005
1006,1007,1008
1006,1007,1009
1006,1008,1009
1006,1008,1010
1006,1008,1012
1006,1009,1013
1006,1009,1030
1006,1010,1011
1006,1010,1012
1006,1010,1013
1006,1011,1012
1006,1011,1013
1006,1011,1030
1006,1012,1013
1006,1012,1024
1006,1013,1030
1006,1024,1030
1007,1008,1009
1008,1010,1012
1008,1012,1026
1008,1012,1029
1008,1026,1029
1009,1013,1027
1009,1013,1030
1009,1020,1030
1009,1027,1030
1010,1011,1012
1010,1011,1013
1010,1011,1014
1010,1011,1015
1010,1011,1016
1010,1011,1020
1010,1012,1013
1010,1012,1014
1010,1012,1015
1010,1012,1016
1010,1013,1014
1010,1013,1015
1010,1014,1015
1011,1012,1013
1011,1012,1014
1011,1012,1015
1011,1012,1016
1011,1013,1014
1011,1013,1015
1011,1013,1027
1011,1013,1030
1011,1014,1015
1011,1020,1023
1011,1020,1030
1011,1025,1027
1011,1025,1030
1011,1027,1030
1012,1013,1014
1012,1013,1015
1012,1014,1015
1012,1016,1024
1012,1016,1026
1012,1016,1029
1012,1024,1026
1012,1024,1029
1012,1026,1029
1013,1014,1015
1013,1027,1030
1016,1017,1018
1016,1024,1026
1016,1024,1029
1016,1026,1029
1017,1025,1030
1019,1020,1021
1019,1020,1022
1019,1020,1023
1019,1021,1022
1019,1021,1023
1019,1022,1023
1020,1021,1022
1020,1021,1023
1020,1022,1023
1021,1022,1023
1024,1025,1026
1024,1025,1027
1024,1025,1028
1024,1025,1029
1024,1025,1030
1024,1026,1027
1024,1026,1028
1024,1026,1029
1024,1026,1030
1024,1027,1028
1024,1027,1029
1024,1027,1030
1024,1028,1029
1024,1028,1030
1024,1029,1030
1025,1026,1027
1025,1026,1028
1025,1026,1029
1025,1026,1030
1025,1027,1028
1025,1027,1029
1025,1027,1030
1025,1028,1029
1025,1028,1030
1025,1029,1030
1026,1027,1028
1026,1027,1029
1026,1027,1030
1026,1028,1029
1026,1028,1030
1026,1029,1030
1027,1028,1029
1027,1028,1030
1027,1029,1030
1028,1029,1030
1031,1032,1033
1031,1032,1034
1031,1033,1034
1032,1033,1034
1035,1036,1037
1038,1039,1040
1038,1039,1041
1038,1039,1042
1038,1039,1043
1038,1040,1041
1038,1040,1042
1038,1040,1043
1038,1041,1042
1038,1041,1043
1038,1042,1043
1039,1040,1041
1039,1040,1042
1039,1040,1043
1039,1041,1042
1039,1041,1043
1039,1042,1043
1040,1041,1042
1040,1041,1043
1040,1042,1043
1041,1042,1043
1044,1045,1046
1044,1045,1047
1044,1046,1047
1045,1046,1047
1048,1049,1050
1048,1049,1051
1048,1050,1051
1049,1050,1051
1054,1055,1056
1054,1055,1057
1054,1056,1057
1055,1056,1057
1058,1059,1060
1058,1059,1061
1058,1060,1061
1059,1060,1061
