node_1,node_2
1,2
1,3
1,4
1,5
1,6
1,982
2,3
2,4
3,4
3,153
4,982
5,6
5,7
5,8
5,9
5,50
5,61
5,96
5,130
5,201
5,624
5,680
5,691
5,738
5,1264
6,7
6,8
6,9
6,39
6,41
6,384
6,451
6,581
6,625
6,680
6,783
6,808
6,820
6,879
6,1178
6,1265
7,8
7,9
8,9
10,11
10,12
10,13
10,14
10,18
10,19
10,20
10,30
10,34
10,68
10,69
10,1217
10,1221
10,1222
10,1322
10,1324
10,1329
10,1330
11,12
11,13
11,14
11,19
11,21
11,30
11,35
11,39
11,68
11,69
11,1217
11,1222
11,1323
11,1325
11,1330
12,13
12,14
12,30
12,32
12,68
12,123
12,1166
12,1196
12,1217
12,1222
12,1330
13,14
15,16
15,17
16,17
18,19
18,20
18,21
18,22
18,23
18,30
18,31
18,34
18,165
18,1235
18,1256
18,1260
18,1261
18,1329
18,1330
19,20
19,21
19,22
19,23
19,30
19,31
19,166
19,1235
19,1236
19,1260
19,1261
19,1324
19,1329
19,1330
20,21
20,22
20,23
20,30
20,70
20,165
20,960
20,1235
20,1260
20,1329
21,22
21,23
21,30
21,31
21,165
21,1235
21,1236
21,1260
21,1261
21,1329
21,1330
22,23
24,25
24,26
25,26
27,28
27,29
27,64
27,65
28,29
28,160
28,856
30,31
30,32
30,33
30,34
30,35
30,68
30,69
30,1314
31,32
31,33
31,35
31,172
31,326
31,1046
31,1315
32,33
34,35
34,36
34,37
34,96
34,130
34,834
34,848
34,855
34,856
34,860
34,1314
35,36
35,37
35,856
35,860
35,861
35,1315
36,37
38,39
38,40
38,41
38,42
38,47
38,68
38,567
38,973
38,1329
39,40
39,41
39,42
39,47
39,69
39,567
39,1329
39,1330
40,41
40,42
40,47
40,67
40,68
40,840
40,848
40,1154
40,1329
41,42
41,47
41,69
41,849
41,1330
43,44
43,45
43,46
43,47
43,48
43,49
43,50
43,848
44,45
44,46
44,47
44,48
44,49
44,50
44,849
45,46
45,47
45,48
45,49
45,50
46,47
46,48
46,49
46,50
47,48
47,49
47,50
47,846
48,49
48,50
48,847
49,50
51,52
51,53
51,54
51,59
51,445
51,446
51,960
52,53
52,54
53,54
55,56
55,57
55,58
55,59
55,60
55,64
55,73
55,159
55,581
55,582
55,586
55,587
55,588
55,765
55,798
55,814
55,1054
55,1072
56,57
56,58
56,60
56,101
56,102
56,582
56,714
56,799
56,824
56,1053
56,1054
57,58
59,60
59,61
59,62
59,63
59,64
59,165
59,581
59,582
59,586
59,587
59,588
59,680
59,770
59,798
59,814
59,846
59,1017
59,1054
59,1056
59,1307
60,61
60,62
60,63
60,65
60,69
60,127
60,582
60,586
60,799
60,802
60,824
60,1056
60,1065
61,62
61,63
61,581
61,814
61,848
62,63
62,798
63,793
63,798
63,848
64,65
64,66
64,67
64,1045
64,1064
65,66
65,67
65,69
65,711
65,714
65,1065
66,67
68,69
68,70
68,71
68,72
68,73
68,81
68,82
68,87
68,88
68,1217
68,1221
68,1322
68,1329
69,70
69,71
69,72
69,82
69,88
69,97
69,166
69,462
69,1065
69,1217
70,71
70,72
70,160
70,848
70,1256
71,72
73,74
73,75
73,76
73,710
73,713
73,793
73,1064
74,75
74,76
74,77
74,160
74,710
74,711
74,713
74,714
74,758
74,793
74,794
74,802
76,77
76,78
76,79
76,80
76,695
76,713
76,714
76,798
77,78
77,79
77,80
77,82
77,172
77,714
77,799
78,79
78,80
79,80
79,866
79,867
79,1325
80,867
81,82
81,83
81,84
81,85
81,86
81,87
81,717
81,751
81,757
81,807
82,83
82,84
82,85
82,86
82,88
82,717
82,757
82,808
83,84
83,85
83,86
84,85
84,86
85,86
87,88
87,89
87,153
87,555
87,717
87,757
87,807
88,89
88,717
88,757
88,807
88,808
90,91
90,92
90,93
90,94
90,95
90,335
90,336
90,355
91,92
91,93
91,94
91,95
91,422
92,93
92,94
92,95
93,94
93,95
94,95
95,369
96,97
96,98
96,99
96,323
96,1245
97,98
97,99
97,110
97,146
97,190
97,873
97,945
97,1245
97,1246
98,99
100,101
100,102
100,103
100,104
100,165
100,193
100,316
100,317
100,323
100,586
100,1064
101,102
101,103
101,104
101,142
101,154
101,165
101,166
101,384
101,446
101,1065
102,103
102,104
102,142
102,165
102,166
102,200
102,384
102,1065
103,104
105,106
105,107
105,108
105,141
106,107
106,108
106,142
107,108
109,110
109,111
109,112
109,113
109,114
109,141
110,111
110,112
110,113
110,114
110,142
111,112
111,113
111,114
111,866
111,1132
112,113
112,114
112,867
112,1133
113,114
115,116
115,117
116,117
118,119
118,120
118,121
118,126
118,498
118,501
119,120
119,121
119,127
120,121
122,123
122,124
122,125
122,126
122,133
122,134
122,594
122,596
122,620
122,798
122,804
122,872
122,873
122,1324
122,1327
123,124
123,125
123,126
123,134
123,596
123,621
123,689
123,705
123,1219
123,1327
123,1344
123,1345
124,125
126,127
126,128
126,129
126,133
126,134
126,141
126,384
126,515
126,581
126,652
126,704
126,1127
126,1128
126,1177
126,1179
127,128
127,129
127,384
127,591
127,689
127,701
127,705
127,1127
127,1177
128,129
130,131
130,132
130,383
130,447
130,562
130,567
130,630
130,736
130,848
130,1225
131,132
131,142
131,384
131,562
131,563
131,567
131,568
131,650
131,705
131,736
131,789
131,1070
131,1342
133,134
133,135
133,136
133,624
133,700
133,1142
133,1218
133,1221
133,1344
134,135
134,136
134,142
134,621
134,701
134,1219
134,1222
134,1344
134,1345
135,136
137,138
137,139
137,140
137,210
137,237
138,139
138,140
139,140
141,142
141,143
141,144
141,165
141,383
141,708
141,823
142,143
142,144
142,154
142,166
142,384
142,450
142,708
143,144
145,146
145,147
145,148
145,153
145,154
145,155
145,159
145,165
145,200
145,206
145,226
145,227
145,296
145,895
145,896
145,900
145,901
145,904
145,1069
146,147
146,148
146,154
146,156
146,166
146,200
146,206
146,227
146,900
146,904
148,149
148,150
148,151
148,152
148,153
148,154
148,159
148,160
148,895
148,896
148,905
148,1026
149,150
149,151
149,152
149,153
149,154
149,245
150,151
150,152
151,152
153,154
153,155
153,156
153,159
153,160
153,682
153,731
153,732
153,900
153,901
153,904
153,905
153,1127
153,1237
154,156
154,159
154,160
154,166
154,732
154,900
154,904
154,1155
155,156
155,157
155,158
155,159
155,731
156,157
156,158
156,160
156,732
156,733
156,856
157,158
159,160
159,161
159,162
159,731
159,895
159,1252
160,161
160,162
160,604
160,801
160,815
160,895
160,899
160,1069
160,1325
160,1334
161,162
163,164
165,166
165,167
165,168
165,169
165,170
165,171
165,181
165,199
165,316
165,317
165,323
165,325
165,326
165,327
165,900
166,167
166,168
166,169
166,170
166,171
166,181
166,200
166,317
166,324
166,847
166,867
167,168
167,169
167,170
167,171
167,317
167,327
168,169
168,170
168,171
169,170
169,171
170,171
172,173
172,174
172,175
172,176
172,179
172,316
172,324
172,326
172,1127
173,174
173,175
173,327
174,175
174,176
174,180
174,208
174,322
174,1149
176,177
176,178
176,180
176,311
176,316
176,317
176,325
177,178
179,180
179,181
179,199
179,203
180,181
181,182
181,183
181,200
181,206
181,311
181,317
181,324
181,325
181,326
181,327
181,446
181,567
181,611
182,183
184,185
184,186
184,187
184,188
184,211
184,238
184,355
185,186
185,187
185,188
185,238
185,367
186,187
186,188
187,188
189,190
189,191
189,192
189,355
190,191
190,192
190,203
190,367
191,192
193,194
193,195
193,196
193,197
193,198
193,199
193,200
193,316
193,317
193,323
193,324
193,325
193,326
193,327
194,195
194,196
194,197
194,198
194,200
194,317
194,326
194,327
195,196
195,197
195,198
196,197
196,198
197,198
197,203
197,327
199,200
199,201
199,202
199,203
199,204
199,205
199,232
199,303
199,316
199,323
199,325
199,368
199,439
199,567
199,848
199,904
199,1064
199,1177
199,1341
200,201
200,202
200,203
200,204
200,205
200,206
200,317
200,324
200,326
200,428
200,567
200,1064
200,1065
201,202
201,203
201,204
201,1053
202,203
202,204
203,204
203,205
203,206
203,303
203,304
203,309
203,324
203,327
203,459
203,516
203,567
203,1155
205,206
205,207
205,208
205,209
205,316
205,323
205,900
205,904
206,207
206,208
206,209
206,317
207,208
207,209
208,209
208,733
210,211
210,212
210,213
210,214
210,215
210,216
210,217
210,218
210,222
210,232
210,233
210,237
210,244
210,281
210,333
210,335
210,339
210,345
210,355
210,366
210,368
210,403
211,212
211,213
211,214
211,215
211,216
211,217
211,219
211,233
211,237
211,238
211,245
211,258
211,336
211,340
211,355
211,356
211,367
211,369
211,376
211,377
211,382
211,404
211,420
211,425
212,213
212,214
212,215
212,216
212,217
213,214
213,215
213,216
213,217
214,215
214,216
214,217
214,222
214,232
214,255
214,297
214,368
214,414
215,216
215,217
215,225
215,256
215,336
215,404
215,422
216,217
217,420
218,219
218,220
218,221
218,222
218,226
218,237
218,255
218,258
218,296
218,297
218,335
218,355
218,363
218,366
218,403
218,418
218,588
219,220
219,221
219,225
219,256
219,336
219,404
220,221
222,223
222,224
222,225
222,244
222,245
222,250
222,255
222,258
222,296
222,297
222,335
222,353
222,366
222,368
222,376
222,403
223,224
223,225
223,256
223,336
223,340
223,367
223,369
223,377
223,382
223,384
223,404
223,409
223,413
223,420
224,225
225,233
225,235
225,245
225,250
225,251
225,259
225,353
226,227
226,228
226,229
226,230
226,231
226,232
226,233
226,244
226,296
226,339
226,366
226,367
226,368
226,369
226,424
227,228
227,229
227,230
227,231
227,238
227,245
227,367
227,368
228,229
228,230
228,231
229,230
229,231
230,231
232,233
232,234
232,235
232,236
232,237
232,255
232,258
232,297
232,355
232,366
232,367
232,368
232,369
232,408
232,421
232,424
233,234
233,235
233,236
233,245
233,252
233,256
233,259
233,297
233,404
233,413
233,420
234,235
234,236
235,236
237,238
237,239
237,240
237,241
237,242
237,243
237,244
237,245
237,250
237,255
237,256
237,258
237,262
237,335
237,336
237,355
238,239
238,240
238,241
238,242
238,243
238,245
238,256
238,259
238,333
238,336
238,354
238,355
238,356
238,367
238,382
239,240
239,241
239,242
239,243
240,241
240,242
240,243
241,242
241,243
242,243
244,245
244,246
244,247
244,248
244,249
244,255
244,256
244,297
244,376
244,403
245,246
245,247
245,248
245,249
245,256
245,259
245,297
246,247
246,248
246,249
247,248
247,249
248,249
250,251
250,252
250,253
250,254
251,252
251,253
251,254
252,253
252,254
253,254
255,256
255,257
255,258
255,296
255,297
255,335
255,366
255,368
255,376
255,403
255,424
256,257
256,259
256,297
256,336
256,376
256,413
256,415
258,259
258,260
258,261
258,339
258,366
258,424
259,260
259,261
259,336
259,367
259,404
259,420
260,261
262,263
262,264
262,265
262,266
262,267
262,268
262,269
262,339
263,264
263,265
263,266
263,267
263,268
263,269
264,265
264,266
264,267
264,268
264,269
265,266
265,267
265,268
265,269
266,267
266,268
266,269
267,268
267,269
268,269
270,271
270,272
270,273
270,274
270,275
270,276
270,277
270,278
270,279
270,280
271,272
271,273
271,274
271,275
271,276
271,277
271,278
271,279
271,280
272,273
272,274
272,275
272,276
272,277
272,278
272,279
272,280
273,274
273,275
273,276
273,277
273,278
273,279
273,280
274,275
274,276
274,277
274,278
274,279
274,280
275,276
275,277
275,278
275,279
275,280
276,277
276,278
276,279
276,280
277,278
277,279
277,280
278,279
278,280
279,280
281,282
281,283
281,284
281,285
281,296
281,339
281,355
281,376
281,377
281,408
281,409
281,413
281,414
281,415
281,422
282,283
282,284
282,285
282,377
282,382
282,415
283,284
283,285
284,285
286,287
286,288
286,289
286,290
286,291
286,292
286,293
286,294
286,295
286,1122
286,1123
287,288
287,289
287,290
287,291
287,292
287,293
287,294
287,295
287,1123
288,289
288,290
288,291
288,292
288,293
288,294
288,295
289,290
289,291
289,292
289,293
289,294
289,295
290,291
290,292
290,293
290,294
290,295
291,292
291,293
291,294
291,295
292,293
292,294
292,295
293,294
293,295
294,295
296,297
296,298
296,299
296,335
296,352
296,403
296,408
296,409
296,413
296,415
297,298
297,299
297,335
297,336
297,352
297,403
297,404
297,408
297,409
297,413
297,414
297,415
297,420
297,424
298,299
300,301
300,302
301,302
303,304
303,305
303,306
303,307
303,308
303,309
303,316
304,305
304,306
304,307
304,308
304,309
305,306
305,307
305,308
305,309
305,384
305,1326
306,307
306,308
306,309
306,932
307,308
307,309
308,309
309,327
309,1019
310,311
310,312
310,324
310,325
311,312
311,324
313,314
313,315
313,325
314,315
316,317
316,318
316,319
316,323
316,324
316,325
316,326
316,327
316,329
316,383
316,900
316,1064
317,318
317,320
317,324
317,325
317,326
317,327
317,329
317,384
317,446
317,732
317,1064
319,320
319,321
319,322
319,323
320,321
320,322
320,324
321,322
323,324
323,325
323,1064
324,326
324,327
324,329
325,326
325,327
325,328
325,329
325,567
325,751
325,1158
326,327
326,328
326,329
326,556
326,1064
326,1065
327,328
327,329
327,459
327,537
327,1019
327,1064
327,1065
329,330
329,331
330,331
332,333
332,334
332,339
332,424
332,425
333,334
333,336
333,367
333,422
333,424
333,425
335,336
335,337
335,338
335,339
335,355
335,366
335,376
335,414
335,424
335,747
336,337
336,338
336,339
336,340
336,355
336,356
336,377
336,409
336,413
336,415
336,422
336,425
337,338
339,340
339,353
339,355
339,366
339,402
339,403
339,424
339,731
340,404
341,342
341,343
341,344
341,345
341,346
341,347
341,348
341,409
341,1122
342,343
342,344
342,345
342,346
342,347
342,348
342,422
343,344
343,345
343,346
343,347
343,348
344,345
344,346
344,347
344,348
345,346
345,347
345,348
345,355
346,347
346,348
347,348
349,350
349,351
349,425
350,351
352,353
352,354
353,354
353,355
354,422
355,356
355,357
355,358
355,359
355,360
355,361
355,362
355,387
355,409
355,606
355,610
355,778
356,357
356,358
356,359
356,360
356,361
356,362
356,377
357,358
357,359
357,360
357,361
357,362
358,359
358,360
358,361
358,362
359,360
359,361
359,362
360,361
360,362
361,362
362,414
363,364
363,365
363,408
363,409
363,414
364,365
366,367
366,368
366,369
366,370
366,371
366,372
366,373
366,374
366,375
366,376
366,381
366,403
366,414
366,424
366,425
367,368
367,369
367,370
367,371
367,372
367,373
367,374
367,375
367,377
367,404
367,420
367,424
367,425
368,369
368,370
368,371
368,372
368,373
368,374
368,375
368,376
368,408
368,409
368,414
368,424
368,425
368,738
369,370
369,371
369,372
369,373
369,374
369,375
369,377
369,382
369,404
369,409
369,415
369,424
369,425
370,371
370,372
370,373
370,374
370,375
371,372
371,373
371,374
371,375
372,373
372,374
372,375
373,374
373,375
374,375
376,377
376,378
376,379
376,380
376,381
376,382
376,403
376,414
377,378
377,379
377,380
377,381
377,382
377,404
377,413
377,415
377,1123
378,379
378,380
378,381
378,382
379,380
379,381
379,382
380,381
380,382
381,382
382,1366
382,1369
383,384
383,385
383,386
383,602
383,860
383,1064
383,1154
383,1155
383,1296
383,1301
384,385
384,386
384,434
384,726
384,732
384,1155
385,386
387,388
387,389
387,390
387,391
388,389
388,390
388,391
389,390
389,391
390,391
392,393
392,394
392,395
392,396
392,397
392,398
392,403
392,404
392,420
392,422
393,394
393,395
393,396
393,397
393,398
393,404
393,420
393,422
394,395
394,396
394,397
394,398
395,396
395,397
395,398
396,397
396,398
397,398
399,400
399,401
399,402
399,403
399,404
399,408
399,409
399,413
399,415
399,1122
400,401
400,402
400,404
400,413
401,402
403,404
403,405
403,406
403,407
403,408
403,409
403,413
403,414
403,415
403,420
403,425
404,405
404,406
404,407
404,408
404,409
404,413
404,415
404,416
404,425
405,406
405,407
406,407
408,409
408,410
408,411
408,412
408,413
408,414
408,415
408,1122
409,410
409,411
409,412
409,413
409,414
409,415
409,422
410,411
410,412
410,413
410,414
410,415
411,412
411,413
411,414
411,415
412,413
412,414
412,415
412,420
412,422
413,414
413,415
414,415
414,420
414,531
414,1122
415,1123
416,417
416,418
416,419
416,422
417,418
417,419
418,419
420,421
420,422
420,423
421,422
421,423
422,423
422,425
424,425
424,426
424,567
424,597
424,1361
424,1365
425,426
425,451
425,1069
427,428
427,429
427,430
427,431
427,432
427,433
427,445
427,581
427,760
427,788
427,964
427,1027
427,1064
428,429
428,430
428,431
428,432
428,433
428,434
428,446
428,450
428,458
428,462
428,536
428,681
428,684
428,685
428,964
428,1064
428,1065
428,1178
429,430
429,431
429,432
430,431
430,432
431,432
432,433
432,434
432,446
432,450
432,458
432,681
432,684
432,711
432,964
432,1064
432,1065
433,434
433,435
433,436
433,437
433,438
433,457
433,461
434,435
434,436
434,437
434,438
434,446
434,458
434,459
435,436
435,437
435,438
436,437
436,438
437,438
439,440
439,441
439,442
439,443
439,444
439,445
439,446
439,461
439,462
439,960
439,965
439,966
439,1225
440,441
440,442
440,443
440,444
440,446
440,450
440,458
440,1178
440,1225
440,1226
440,1229
441,442
441,443
441,444
442,443
442,444
443,444
445,446
445,447
445,448
445,449
445,457
445,461
445,462
445,488
445,601
445,652
445,960
445,964
445,965
445,966
445,1127
446,447
446,448
446,450
446,451
446,458
446,459
446,462
446,489
446,535
446,566
446,602
446,650
446,684
446,964
446,1128
447,448
447,461
449,450
449,451
449,452
449,472
449,1017
449,1045
449,1225
449,1226
449,1229
450,451
450,452
450,462
450,473
450,536
450,602
450,606
450,681
450,684
450,808
450,1046
450,1047
450,1225
450,1226
450,1229
451,452
451,459
451,461
451,462
451,537
451,606
451,681
451,684
451,761
451,1010
451,1225
451,1226
451,1242
452,462
453,454
453,455
453,456
453,643
454,455
454,456
454,644
455,456
457,458
457,459
457,460
457,461
457,462
457,472
457,501
457,504
457,555
457,556
457,597
457,601
457,612
457,680
457,1260
458,459
458,460
458,462
458,512
458,602
458,605
458,681
458,684
458,987
458,1095
459,460
459,537
459,556
459,587
459,589
459,681
459,684
459,1010
459,1019
461,462
461,463
461,464
461,604
461,681
461,683
461,1127
462,463
462,464
462,604
462,681
462,682
462,684
462,685
462,1128
462,1195
462,1272
463,464
465,466
465,467
465,468
465,469
465,470
465,471
466,467
466,468
466,469
466,470
466,471
467,468
467,469
467,470
467,471
468,469
468,470
468,471
469,470
469,471
470,471
470,472
470,473
471,473
471,489
471,625
472,473
472,474
472,475
472,488
472,498
472,674
472,691
473,474
473,475
473,489
473,675
474,475
476,477
476,478
476,479
476,480
476,481
477,478
477,479
477,480
477,481
478,479
478,480
478,481
479,480
479,481
480,481
482,483
482,484
482,485
483,484
483,485
484,485
486,487
487,488
487,489
488,489
488,490
488,491
488,492
488,493
488,504
488,588
488,597
488,674
488,770
489,490
489,491
489,492
489,493
489,502
489,582
489,587
489,596
489,598
489,602
489,625
489,671
489,674
489,675
490,491
490,492
490,493
491,492
491,493
492,493
494,495
494,496
494,497
494,498
494,499
494,500
494,501
494,502
494,503
494,504
494,505
494,506
494,531
495,496
495,497
495,498
495,499
495,500
495,501
495,502
495,503
495,504
495,505
495,506
496,497
496,498
496,499
496,500
496,501
496,502
496,503
496,504
496,505
496,506
497,498
497,499
497,500
497,501
497,502
497,503
497,504
497,505
497,506
498,499
498,500
498,501
498,502
498,503
498,504
498,505
498,506
498,567
498,610
498,620
498,1225
499,500
499,501
499,502
499,503
499,504
499,505
499,506
500,501
500,502
500,503
500,504
500,505
500,506
501,502
501,503
501,504
501,505
501,506
501,535
501,567
501,581
501,610
501,620
501,622
501,624
501,628
501,704
501,1127
502,503
502,504
502,505
502,506
502,535
502,536
502,555
502,556
502,607
502,615
502,616
502,620
502,621
503,504
503,505
503,506
504,505
504,506
504,531
504,555
505,506
505,516
505,526
505,532
505,535
505,536
505,555
505,556
505,566
505,582
505,596
505,607
505,615
505,616
505,620
505,621
505,625
505,650
505,739
505,1070
505,1128
505,1325
507,508
507,509
507,510
507,511
507,512
507,515
507,516
507,555
507,643
507,644
508,509
508,510
509,510
511,512
511,513
511,514
511,515
511,516
511,519
511,525
511,531
511,532
511,535
511,555
511,586
511,588
511,615
511,643
511,644
511,649
511,652
511,680
511,1177
512,513
512,514
512,515
512,516
512,519
512,525
512,526
512,536
512,537
512,568
512,587
512,650
513,514
515,516
515,517
515,518
515,519
515,531
515,535
515,615
515,644
515,649
515,704
515,1064
516,517
516,518
516,519
516,520
516,526
516,532
516,537
516,556
516,650
516,1065
517,518
519,520
519,521
519,522
519,523
519,524
519,643
519,649
519,650
520,521
520,522
520,523
520,524
520,644
520,650
521,522
521,523
521,524
522,523
522,524
523,524
525,526
525,527
525,528
525,529
525,530
525,1168
526,527
526,528
526,529
526,530
526,1065
527,528
527,529
527,530
527,537
528,529
528,530
528,655
528,656
529,530
531,532
531,533
531,534
531,536
531,548
531,555
531,643
531,649
532,533
532,534
532,536
532,537
532,556
532,566
532,643
532,650
533,534
535,536
535,537
535,538
535,548
535,555
535,615
535,616
535,620
535,624
535,625
535,643
536,537
536,538
536,549
536,556
536,566
536,587
536,615
536,616
536,620
536,621
536,625
536,1128
537,538
537,550
537,551
537,556
537,615
537,616
537,726
537,741
539,540
539,541
539,542
539,543
539,544
539,545
539,546
539,547
539,548
539,549
540,541
540,542
540,543
540,544
540,545
540,546
540,547
540,548
540,549
541,542
541,543
541,544
541,545
541,546
541,547
541,548
541,549
542,543
542,544
542,545
542,546
542,547
542,548
542,549
543,544
543,545
543,546
543,547
543,548
543,549
544,545
544,546
544,547
544,548
544,549
545,546
545,547
545,548
545,549
546,547
546,548
546,549
547,548
547,549
547,997
548,549
548,555
548,1045
550,551
550,552
550,553
550,554
550,555
550,615
550,616
550,624
550,625
551,552
551,553
551,554
551,556
551,625
552,553
552,554
553,554
555,556
555,557
555,558
555,559
555,560
555,561
555,620
555,688
555,691
555,751
555,1127
555,1128
555,1188
556,557
556,558
556,559
556,560
556,561
556,566
556,586
556,650
556,1128
556,1178
556,1189
556,1342
557,558
557,559
557,560
557,561
558,559
558,560
558,561
559,560
559,561
560,561
562,563
562,564
562,565
563,564
563,565
563,566
563,794
563,1062
564,565
566,567
566,568
566,571
566,630
566,631
566,1070
567,568
567,569
567,570
567,571
567,601
567,731
567,1072
567,1177
567,1260
568,569
568,570
568,571
569,570
569,571
570,571
572,573
572,574
572,575
572,576
572,577
572,578
572,579
572,580
572,581
572,586
572,588
572,1260
573,574
573,575
573,576
573,577
573,578
573,579
573,580
573,582
573,587
573,1018
573,1065
574,575
574,576
574,577
574,578
574,579
574,580
575,576
575,577
575,578
575,579
575,580
576,577
576,578
576,579
576,580
576,625
576,656
577,578
577,579
577,580
578,579
578,580
579,580
580,733
581,582
581,583
581,584
581,585
581,586
581,587
581,588
581,591
581,596
581,601
581,615
581,643
581,814
581,1056
581,1127
582,583
582,584
582,585
582,587
582,592
582,596
582,616
582,644
582,653
582,689
582,1027
582,1056
582,1128
583,584
583,585
584,585
586,587
586,588
586,589
586,590
586,591
586,649
586,688
586,1017
586,1054
586,1056
586,1147
586,1221
587,588
587,589
587,590
587,592
587,596
587,598
587,1056
587,1128
588,589
588,590
588,591
588,597
588,1056
589,590
591,592
591,593
591,594
591,595
591,596
591,601
592,593
592,594
592,595
592,596
593,594
593,595
593,596
594,595
594,596
595,596
596,602
596,653
597,598
597,599
597,600
597,601
597,1127
597,1177
597,1178
597,1179
598,599
598,600
598,601
598,602
598,1128
598,1178
599,600
601,602
601,603
601,1127
602,603
602,1128
604,605
604,606
604,607
604,608
604,609
604,610
604,611
605,606
605,607
605,608
605,609
605,610
605,611
606,607
606,608
606,609
606,610
606,611
607,608
607,609
607,610
607,611
608,609
608,610
608,611
609,610
609,611
610,611
610,1182
612,613
612,614
612,615
612,848
612,1072
613,614
613,616
613,1073
615,616
615,617
615,618
615,619
615,620
615,624
615,625
615,652
615,695
615,696
615,704
615,1127
615,1177
615,1260
616,617
616,618
616,619
616,620
616,621
616,625
616,650
616,705
616,1128
617,618
617,619
618,619
620,621
620,622
620,623
620,624
620,625
620,1045
620,1127
621,622
621,623
621,625
621,1046
621,1047
621,1128
621,1178
622,623
623,1010
624,625
624,626
624,627
624,628
624,629
624,630
624,636
624,683
624,695
624,731
624,793
624,1127
625,626
625,627
625,628
625,629
625,631
625,684
625,696
625,1054
625,1062
625,1178
626,627
626,628
626,629
627,628
627,629
628,629
630,631
630,632
630,633
630,917
630,1036
630,1061
630,1086
630,1177
631,632
631,633
631,1054
631,1062
631,1065
632,633
634,635
634,636
634,637
634,638
634,639
634,640
634,641
634,642
634,643
634,644
634,652
635,636
635,637
635,638
635,639
635,640
635,641
635,642
635,653
635,655
636,637
636,638
636,639
636,640
636,641
636,642
637,638
637,639
637,640
637,641
637,642
637,982
638,639
638,640
638,641
638,642
639,640
639,641
639,642
640,641
640,642
641,642
643,644
643,645
643,646
643,647
643,648
643,649
644,645
644,646
644,647
644,648
644,650
644,1065
645,646
645,647
645,648
646,647
646,648
646,1128
647,648
649,650
649,651
649,652
650,651
650,653
650,655
650,656
650,1004
650,1028
650,1155
650,1178
650,1179
652,653
652,654
652,655
652,704
652,774
652,807
652,1256
653,654
653,655
653,808
653,1256
654,655
655,656
655,657
655,772
655,808
655,1166
655,1176
655,1256
656,657
656,1010
656,1013
656,1014
656,1017
656,1028
656,1166
657,1007
658,659
658,660
658,661
658,662
658,663
658,664
658,665
659,660
659,661
659,662
659,663
659,664
659,665
660,661
660,662
660,663
660,664
660,665
661,662
661,663
661,664
661,665
661,895
661,982
662,663
662,664
662,665
663,664
663,665
664,665
666,667
666,668
666,669
667,668
667,669
668,669
668,738
668,982
668,1154
670,671
670,672
670,673
670,766
671,672
671,673
671,766
671,824
672,673
674,675
674,676
674,677
674,678
674,679
674,766
675,676
675,677
675,678
675,679
675,766
675,771
675,772
675,824
676,677
676,678
676,679
677,678
677,679
678,679
680,681
680,682
681,682
682,731
682,982
683,684
683,685
683,686
683,687
683,713
683,731
684,685
684,686
684,687
684,714
684,732
684,733
685,686
685,687
685,1010
686,687
686,733
688,689
688,690
688,691
688,692
688,695
688,717
688,730
688,738
688,739
688,757
688,953
688,997
688,1001
688,1002
689,690
689,691
689,692
689,696
689,705
689,730
689,738
689,1001
691,692
691,693
691,694
691,695
691,696
691,700
691,704
691,731
691,735
691,738
691,739
691,751
691,814
691,1127
692,693
692,694
692,696
692,701
692,705
692,732
692,738
692,739
693,694
695,696
695,697
695,698
695,699
695,725
695,735
695,738
695,1127
696,697
696,698
696,699
696,701
696,725
697,698
697,699
697,738
698,699
700,701
700,702
700,703
700,1026
700,1260
701,702
701,703
702,703
702,895
704,705
704,706
704,707
704,708
704,709
705,706
705,707
705,708
705,709
706,707
706,708
706,709
707,708
707,709
708,709
710,711
710,712
710,713
710,714
710,751
710,793
710,794
710,895
711,712
711,714
713,714
713,715
713,716
713,793
713,794
714,715
714,716
714,793
714,794
715,716
717,718
717,719
717,1001
718,719
720,721
720,722
720,723
720,724
721,722
721,723
721,724
722,723
722,724
723,724
723,752
725,726
725,727
725,728
725,729
725,730
725,731
725,735
725,738
725,751
725,1003
726,727
726,728
726,729
726,730
726,732
726,733
726,736
726,739
726,752
727,728
727,729
727,730
728,729
728,730
729,730
730,1002
731,732
731,733
731,734
731,735
731,738
731,760
731,778
731,1348
732,733
732,734
732,736
732,739
732,748
732,760
732,1004
732,1037
732,1178
732,1348
733,734
733,736
733,760
733,1180
733,1348
735,736
735,737
735,738
735,747
735,885
735,997
735,1002
735,1003
735,1004
736,737
736,748
736,752
738,739
738,740
738,747
738,776
739,740
739,748
741,742
741,743
741,744
741,745
741,746
741,997
741,1001
741,1002
741,1003
741,1004
741,1045
741,1046
742,743
742,744
742,745
742,746
742,789
742,1046
743,744
743,745
743,746
744,745
744,746
745,746
747,748
747,749
747,750
747,751
747,965
748,749
748,750
748,752
749,750
751,752
751,753
751,754
752,753
752,754
752,756
752,1272
753,754
755,756
756,795
757,758
757,759
757,814
758,759
758,795
760,761
760,762
761,762
761,794
763,764
763,765
764,766
765,766
765,767
765,768
765,769
765,770
765,771
765,772
766,767
766,768
766,769
766,770
766,771
767,768
767,769
768,769
769,789
769,824
770,771
770,772
770,773
770,1154
771,772
771,773
771,808
771,815
771,1155
772,773
772,1028
774,775
774,776
774,777
774,788
775,776
775,777
775,823
775,824
776,777
776,793
776,798
778,779
778,780
778,781
778,788
779,780
779,781
779,789
780,781
782,783
782,784
782,785
782,786
782,787
782,798
783,784
783,785
783,786
783,787
783,799
784,785
784,786
784,787
785,786
785,787
786,787
786,788
786,789
787,789
788,789
788,790
788,791
788,792
788,801
788,807
789,790
789,791
789,792
789,794
789,795
789,797
789,802
789,805
790,791
790,792
791,792
793,794
793,841
793,1154
793,1232
794,795
794,799
794,805
794,841
794,1155
795,796
795,797
795,801
796,797
798,799
798,800
798,801
798,802
798,803
798,872
798,1154
798,1309
799,800
799,801
799,802
799,803
799,873
800,801
800,802
800,803
801,802
801,803
802,803
804,805
804,806
804,814
805,806
807,808
807,809
807,814
807,823
807,1168
808,809
808,815
808,824
810,811
810,812
810,813
810,815
811,812
811,813
812,813
814,815
814,816
814,817
814,818
814,823
814,824
814,827
814,829
814,1132
814,1133
814,1309
815,816
815,817
815,818
815,820
815,824
815,827
815,828
815,829
815,830
815,1133
816,817
816,818
817,818
819,820
819,821
819,822
819,866
819,1257
819,1271
819,1272
819,1292
819,1293
819,1309
819,1310
820,821
820,822
820,824
820,867
821,822
823,824
823,825
823,826
823,827
823,936
823,1026
823,1264
823,1297
824,825
824,826
824,827
824,1026
825,826
827,828
829,830
829,831
829,832
829,833
829,1314
830,831
830,832
830,833
830,861
831,832
831,833
832,833
834,835
834,836
834,837
834,838
834,839
834,855
834,860
835,836
835,837
835,838
835,839
835,849
835,861
836,837
836,838
836,839
837,838
837,839
838,839
840,841
840,842
840,843
840,844
840,845
840,855
841,842
841,843
841,844
841,845
842,843
842,844
842,845
843,844
843,845
844,845
846,847
846,848
846,849
846,850
846,851
846,852
846,853
846,854
846,855
846,859
846,860
846,861
846,872
846,953
846,1217
847,848
847,849
847,850
847,851
847,852
847,853
847,854
847,856
847,859
847,873
847,954
848,849
848,850
848,851
848,852
848,853
848,854
848,855
848,955
848,969
848,1048
848,1215
848,1280
849,850
849,851
849,852
849,853
849,854
849,856
849,859
849,956
849,961
850,851
850,852
850,853
850,854
851,852
851,853
851,854
852,853
852,854
853,854
855,856
855,857
855,858
855,859
855,860
855,861
855,866
855,872
855,893
855,941
855,955
855,956
856,857
856,858
856,859
856,860
856,861
856,867
856,873
856,950
856,956
857,858
857,859
858,859
860,861
860,862
860,863
860,949
860,973
860,1264
860,1297
860,1324
861,862
861,863
861,873
861,1231
861,1296
861,1327
862,863
864,865
866,867
866,868
866,869
866,870
866,871
866,1264
866,1319
866,1324
867,868
867,869
867,870
867,871
867,937
867,974
867,1265
867,1315
867,1319
867,1324
867,1325
868,869
868,870
868,871
869,870
869,871
870,871
872,873
872,874
872,875
872,876
872,878
872,885
872,949
872,1271
873,874
873,875
873,876
873,950
874,875
874,876
875,876
877,878
877,879
877,880
877,881
877,882
877,883
877,884
878,879
878,880
878,881
878,882
878,883
878,884
878,936
879,880
879,881
879,882
879,883
879,884
879,933
879,937
880,881
880,882
880,883
880,884
881,882
881,883
881,884
882,883
882,884
883,884
885,886
885,887
885,888
885,895
885,904
885,936
885,973
885,1053
885,1072
885,1268
886,887
886,888
886,896
886,905
886,933
887,888
888,900
888,901
889,890
889,891
889,892
889,893
889,894
890,891
890,892
890,893
890,894
891,892
891,893
891,894
892,893
892,894
893,894
894,896
894,901
894,933
894,966
895,896
895,897
895,898
895,899
895,900
895,901
895,904
895,905
896,897
896,898
896,899
896,900
896,901
896,904
896,905
896,933
896,937
897,898
897,899
898,899
900,901
900,902
900,903
900,904
900,905
900,932
900,936
901,902
901,903
901,904
901,905
901,933
901,937
901,1027
902,903
904,905
904,906
904,907
904,911
904,932
904,936
904,1031
905,906
905,907
905,912
905,933
905,937
906,907
908,909
908,910
908,911
908,912
908,913
908,914
908,982
908,1173
908,1174
909,910
909,911
909,912
909,913
909,914
910,911
910,912
910,913
910,914
911,912
911,913
911,914
912,913
912,914
912,1173
912,1174
913,914
915,916
915,917
915,1256
917,918
917,919
917,920
917,982
917,987
917,991
917,995
917,1068
917,1245
917,1256
918,919
918,920
918,921
918,983
918,987
918,992
918,1002
918,1241
918,1257
919,920
921,922
921,923
921,924
921,936
921,982
921,997
922,923
922,924
923,924
925,926
925,927
925,928
925,929
925,930
925,931
925,1003
926,927
926,928
926,929
926,930
926,931
927,928
927,929
927,930
927,931
928,929
928,930
928,931
929,930
929,931
929,1045
930,931
930,1257
930,1261
932,933
932,934
932,935
932,936
932,937
932,1058
932,1204
932,1264
932,1314
933,934
933,935
933,936
933,937
934,935
936,937
936,938
936,939
936,940
936,941
936,1264
937,938
937,939
937,940
937,1265
938,939
938,940
939,940
941,942
941,943
941,1061
941,1256
941,1271
942,943
944,945
944,946
944,1260
945,946
946,1260
947,948
948,1327
949,950
949,951
949,952
950,951
950,952
951,952
953,954
953,955
953,956
953,957
953,958
953,959
954,955
954,956
954,957
954,958
954,959
955,956
955,957
955,958
955,959
956,957
956,958
956,959
957,958
957,959
958,959
960,961
960,962
960,963
960,964
960,965
960,966
960,1127
960,1182
961,962
961,963
961,964
961,965
961,966
962,963
962,964
963,964
965,966
965,967
965,968
966,967
966,968
966,1120
967,968
969,970
969,971
969,972
969,974
969,1271
970,971
970,972
971,972
973,974
973,975
973,976
973,977
973,1058
973,1200
973,1256
973,1260
973,1271
973,1314
974,975
974,976
974,1272
974,1310
974,1314
974,1315
975,976
977,978
977,979
977,980
977,981
977,1001
977,1245
977,1247
977,1256
978,979
978,980
978,981
978,1002
978,1246
978,1247
979,980
979,981
980,981
982,983
982,984
982,985
982,991
982,1136
982,1221
982,1257
983,984
983,985
983,989
983,992
983,995
983,1222
983,1242
983,1289
984,985
986,987
987,1007
987,1010
987,1073
988,989
988,990
989,990
991,992
991,993
991,994
991,995
991,996
991,1001
991,1045
991,1173
991,1174
992,993
992,994
992,995
992,996
992,1002
992,1046
992,1047
993,994
993,995
993,996
994,995
994,996
995,996
997,998
997,999
997,1000
997,1001
997,1002
997,1003
997,1004
997,1008
998,999
998,1000
998,1001
998,1002
999,1000
999,1001
999,1002
1000,1001
1000,1002
1001,1002
1001,1003
1001,1017
1001,1026
1002,1003
1002,1004
1003,1004
1003,1005
1003,1006
1003,1177
1003,1292
1004,1005
1004,1006
1004,1178
1004,1222
1004,1226
1005,1006
1007,1008
1007,1009
1007,1010
1007,1011
1007,1012
1007,1014
1007,1073
1007,1147
1007,1155
1007,1187
1008,1009
1008,1010
1008,1011
1008,1012
1008,1036
1008,1053
1008,1061
1008,1154
1009,1010
1009,1011
1009,1012
1010,1011
1010,1012
1010,1014
1010,1019
1010,1037
1010,1147
1010,1155
1011,1012
1013,1014
1013,1015
1013,1016
1013,1017
1013,1019
1014,1015
1014,1016
1014,1142
1015,1016
1017,1018
1017,1019
1017,1020
1017,1021
1017,1031
1017,1069
1017,1100
1017,1142
1017,1143
1017,1154
1017,1333
1018,1019
1018,1020
1018,1021
1018,1027
1018,1031
1018,1032
1018,1143
1018,1148
1018,1155
1018,1261
1019,1020
1019,1021
1019,1026
1019,1032
1019,1100
1019,1155
1020,1021
1020,1155
1022,1023
1022,1024
1022,1025
1022,1026
1022,1027
1022,1028
1022,1036
1022,1037
1022,1094
1022,1095
1022,1177
1023,1024
1023,1025
1023,1027
1023,1028
1023,1037
1024,1025
1026,1027
1026,1028
1026,1029
1026,1030
1026,1031
1026,1036
1026,1048
1026,1069
1026,1083
1026,1094
1026,1095
1026,1245
1026,1324
1027,1028
1027,1029
1027,1030
1027,1031
1027,1032
1027,1036
1027,1037
1027,1070
1027,1078
1027,1083
1027,1143
1028,1029
1028,1030
1028,1031
1028,1032
1028,1036
1028,1037
1028,1094
1028,1095
1028,1141
1028,1143
1028,1190
1029,1030
1031,1032
1031,1033
1031,1034
1031,1035
1031,1036
1031,1037
1031,1077
1031,1094
1031,1095
1031,1132
1031,1133
1031,1142
1032,1033
1032,1034
1032,1035
1032,1037
1032,1143
1032,1155
1033,1034
1033,1035
1034,1035
1036,1037
1036,1038
1036,1039
1036,1077
1036,1086
1036,1094
1036,1095
1036,1140
1036,1142
1036,1154
1037,1038
1037,1039
1037,1078
1037,1087
1037,1094
1037,1095
1037,1142
1037,1143
1038,1039
1040,1041
1040,1042
1040,1043
1040,1044
1041,1042
1041,1043
1041,1044
1041,1073
1042,1043
1042,1044
1043,1044
1045,1046
1045,1047
1045,1048
1045,1049
1045,1050
1045,1051
1045,1052
1045,1083
1045,1093
1045,1168
1046,1047
1046,1048
1046,1049
1046,1050
1046,1051
1046,1052
1046,1073
1046,1169
1046,1183
1047,1048
1047,1049
1047,1050
1047,1051
1047,1052
1047,1073
1047,1169
1047,1183
1047,1188
1047,1189
1048,1049
1048,1050
1048,1051
1048,1052
1048,1086
1049,1050
1049,1051
1049,1052
1050,1051
1050,1052
1051,1052
1053,1054
1053,1055
1053,1056
1053,1057
1053,1058
1053,1061
1054,1055
1054,1056
1054,1057
1054,1059
1054,1062
1054,1065
1055,1056
1055,1057
1056,1057
1056,1168
1058,1059
1058,1060
1058,1061
1058,1062
1058,1077
1059,1060
1059,1062
1061,1062
1061,1063
1061,1065
1061,1077
1061,1082
1061,1086
1061,1154
1062,1063
1062,1064
1064,1065
1064,1066
1064,1067
1064,1068
1065,1066
1065,1067
1065,1068
1065,1069
1065,1087
1066,1067
1066,1068
1067,1068
1069,1070
1069,1071
1069,1182
1070,1071
1070,1183
1070,1325
1072,1073
1072,1074
1072,1075
1072,1076
1072,1077
1072,1082
1072,1083
1072,1086
1072,1136
1072,1142
1072,1154
1073,1074
1073,1075
1073,1076
1073,1077
1073,1082
1073,1083
1073,1086
1073,1087
1073,1095
1073,1137
1073,1143
1074,1075
1074,1076
1075,1076
1077,1078
1077,1079
1077,1080
1077,1081
1077,1082
1077,1083
1077,1086
1077,1087
1077,1154
1077,1155
1077,1225
1078,1079
1078,1080
1078,1081
1078,1082
1078,1083
1078,1087
1078,1150
1078,1155
1078,1229
1079,1080
1079,1081
1080,1081
1082,1083
1082,1084
1082,1085
1082,1086
1082,1094
1082,1100
1082,1105
1082,1154
1082,1155
1083,1084
1083,1085
1083,1087
1083,1095
1083,1111
1083,1155
1083,1183
1084,1085
1086,1087
1086,1088
1086,1089
1086,1094
1086,1105
1086,1229
1087,1088
1087,1089
1087,1091
1087,1095
1087,1111
1087,1128
1087,1155
1088,1089
1090,1091
1090,1092
1090,1093
1090,1094
1090,1142
1091,1092
1091,1093
1091,1095
1092,1093
1094,1095
1094,1096
1094,1097
1094,1098
1094,1099
1094,1100
1094,1105
1094,1110
1094,1132
1094,1142
1094,1225
1094,1319
1095,1096
1095,1097
1095,1098
1095,1099
1095,1106
1095,1111
1095,1133
1095,1143
1096,1097
1096,1098
1096,1099
1097,1098
1097,1099
1098,1099
1100,1101
1100,1102
1100,1103
1100,1104
1100,1105
1101,1102
1101,1103
1101,1104
1101,1106
1102,1103
1102,1104
1103,1104
1105,1106
1105,1107
1105,1108
1105,1109
1105,1110
1105,1142
1106,1107
1106,1108
1106,1109
1106,1111
1106,1137
1106,1143
1106,1147
1106,1148
1106,1226
1107,1108
1107,1109
1108,1109
1109,1122
1110,1111
1110,1112
1110,1113
1110,1114
1111,1112
1111,1113
1111,1114
1112,1113
1112,1114
1113,1114
1115,1116
1115,1117
1115,1118
1115,1119
1115,1183
1116,1117
1116,1118
1116,1119
1116,1128
1116,1178
1117,1118
1117,1119
1118,1119
1120,1121
1122,1123
1122,1124
1122,1125
1122,1126
1122,1350
1122,1356
1122,1361
1123,1124
1123,1125
1123,1126
1124,1125
1124,1126
1125,1126
1127,1128
1127,1129
1127,1130
1127,1131
1127,1177
1127,1178
1127,1179
1127,1309
1127,1344
1128,1129
1128,1130
1128,1131
1128,1177
1128,1178
1128,1179
1128,1309
1128,1310
1128,1344
1129,1130
1129,1131
1130,1131
1132,1133
1132,1134
1132,1135
1132,1136
1132,1142
1132,1143
1132,1221
1133,1134
1133,1135
1133,1136
1133,1137
1133,1222
1134,1135
1136,1137
1136,1138
1136,1139
1136,1142
1136,1143
1137,1138
1137,1139
1138,1139
1140,1141
1140,1142
1140,1143
1140,1257
1142,1143
1142,1144
1142,1145
1142,1146
1142,1182
1142,1208
1142,1226
1142,1268
1143,1144
1143,1145
1143,1146
1143,1209
1144,1145
1144,1146
1145,1146
1147,1148
1147,1149
1147,1150
1147,1151
1147,1152
1147,1153
1148,1149
1148,1150
1148,1151
1148,1152
1148,1153
1149,1150
1149,1151
1149,1152
1149,1153
1150,1151
1150,1152
1150,1153
1150,1155
1151,1152
1151,1153
1152,1153
1154,1155
1154,1156
1154,1157
1154,1225
1155,1156
1155,1157
1155,1159
1156,1157
1158,1159
1158,1160
1158,1161
1159,1160
1159,1161
1160,1161
1162,1163
1162,1164
1162,1165
1162,1166
1162,1167
1162,1168
1162,1169
1163,1164
1163,1165
1163,1166
1163,1167
1164,1165
1164,1166
1164,1167
1165,1166
1165,1167
1166,1167
1168,1169
1168,1170
1168,1171
1168,1172
1168,1173
1168,1292
1168,1348
1169,1170
1169,1171
1169,1172
1169,1173
1169,1174
1169,1178
1169,1183
1169,1219
1169,1222
1169,1229
1170,1171
1170,1172
1171,1172
1173,1174
1173,1175
1173,1176
1173,1182
1173,1186
1173,1218
1173,1221
1173,1226
1174,1175
1174,1176
1174,1183
1174,1187
1174,1222
1175,1176
1177,1178
1177,1179
1177,1180
1177,1181
1177,1182
1177,1225
1177,1229
1177,1344
1178,1179
1178,1180
1178,1181
1178,1183
1178,1226
1178,1229
1179,1180
1179,1181
1179,1183
1179,1185
1179,1190
1179,1219
1179,1226
1179,1229
1179,1344
1180,1181
1182,1183
1182,1184
1182,1185
1182,1186
1182,1187
1182,1204
1182,1225
1182,1257
1182,1264
1182,1268
1182,1271
1182,1276
1182,1309
1183,1184
1183,1185
1183,1186
1183,1187
1183,1205
1183,1226
1183,1229
1183,1265
1183,1276
1184,1185
1184,1186
1184,1187
1185,1186
1185,1187
1186,1187
1186,1272
1187,1272
1188,1189
1188,1190
1188,1191
1188,1192
1188,1193
1189,1190
1189,1191
1189,1192
1189,1193
1190,1191
1190,1192
1190,1193
1191,1192
1191,1193
1192,1193
1194,1195
1194,1196
1194,1197
1194,1198
1194,1199
1195,1196
1195,1197
1195,1198
1195,1199
1196,1197
1196,1198
1196,1199
1197,1198
1197,1199
1198,1199
1200,1201
1200,1202
1200,1203
1200,1264
1200,1265
1201,1202
1201,1203
1202,1203
1204,1205
1204,1206
1204,1207
1204,1264
1204,1265
1205,1206
1205,1207
1206,1207
1208,1209
1208,1210
1208,1211
1208,1212
1208,1213
1208,1214
1208,1215
1208,1216
1208,1217
1209,1210
1209,1211
1209,1212
1209,1213
1209,1214
1209,1215
1209,1216
1209,1217
1209,1297
1210,1211
1210,1212
1210,1213
1210,1214
1210,1215
1210,1216
1210,1217
1211,1212
1211,1213
1211,1214
1211,1215
1211,1216
1211,1217
1212,1213
1212,1214
1212,1215
1212,1216
1212,1217
1213,1214
1213,1215
1213,1216
1213,1217
1214,1215
1214,1216
1214,1217
1215,1216
1215,1217
1216,1217
1216,1297
1216,1310
1217,1309
1218,1219
1218,1220
1219,1220
1221,1222
1221,1223
1221,1224
1221,1264
1221,1309
1221,1310
1222,1223
1222,1224
1222,1261
1222,1265
1223,1224
1225,1226
1225,1227
1225,1228
1225,1229
1225,1257
1225,1264
1225,1268
1225,1296
1226,1227
1226,1228
1226,1229
1226,1265
1226,1269
1227,1228
1227,1229
1228,1229
1229,1231
1229,1268
1230,1231
1230,1232
1230,1233
1230,1234
1231,1232
1231,1233
1231,1234
1232,1233
1232,1234
1232,1327
1233,1234
1235,1236
1235,1237
1235,1238
1235,1239
1235,1240
1236,1237
1236,1238
1236,1239
1236,1240
1237,1238
1237,1239
1237,1240
1238,1239
1238,1240
1239,1240
1241,1242
1241,1243
1241,1244
1241,1256
1242,1243
1242,1244
1242,1261
1243,1244
1245,1246
1245,1247
1245,1248
1245,1249
1245,1250
1245,1251
1246,1247
1246,1248
1246,1249
1246,1250
1246,1251
1247,1248
1247,1249
1247,1250
1247,1251
1248,1249
1248,1250
1248,1251
1249,1250
1249,1251
1250,1251
1251,1260
1252,1253
1252,1254
1252,1255
1252,1256
1252,1257
1253,1254
1253,1255
1254,1255
1256,1257
1256,1258
1256,1259
1256,1260
1256,1281
1256,1296
1257,1258
1257,1259
1257,1261
1257,1264
1257,1268
1257,1271
1257,1292
1257,1310
1258,1259
1260,1261
1260,1262
1260,1263
1260,1268
1261,1262
1261,1263
1262,1263
1264,1265
1264,1266
1264,1267
1264,1292
1264,1296
1264,1303
1264,1309
1265,1266
1265,1267
1265,1272
1265,1297
1265,1304
1265,1309
1265,1310
1265,1315
1266,1267
1268,1269
1268,1270
1268,1271
1268,1272
1268,1273
1268,1274
1268,1275
1268,1276
1268,1277
1268,1292
1268,1296
1268,1309
1269,1270
1269,1271
1269,1272
1269,1273
1269,1274
1269,1275
1269,1276
1269,1277
1270,1271
1270,1272
1270,1273
1270,1274
1270,1275
1270,1276
1270,1277
1271,1272
1271,1273
1271,1274
1271,1275
1271,1276
1271,1277
1271,1278
1271,1307
1271,1309
1272,1273
1272,1274
1272,1275
1272,1276
1272,1277
1272,1304
1272,1309
1272,1310
1273,1274
1273,1275
1273,1276
1273,1277
1274,1275
1274,1276
1274,1277
1275,1276
1275,1277
1276,1277
1276,1293
1278,1279
1278,1280
1278,1281
1278,1282
1278,1283
1278,1284
1278,1285
1278,1286
1278,1287
1279,1280
1279,1281
1279,1282
1279,1283
1279,1284
1279,1285
1279,1286
1279,1287
1280,1281
1280,1282
1280,1283
1280,1284
1280,1285
1280,1286
1280,1287
1281,1282
1281,1283
1281,1284
1281,1285
1281,1286
1281,1287
1282,1283
1282,1284
1282,1285
1282,1286
1282,1287
1283,1284
1283,1285
1283,1286
1283,1287
1284,1285
1284,1286
1284,1287
1285,1286
1285,1287
1286,1287
1288,1289
1288,1290
1288,1291
1289,1290
1289,1291
1289,1293
1289,1297
1290,1291
1292,1293
1292,1294
1292,1295
1292,1296
1292,1309
1292,1314
1292,1324
1293,1294
1293,1295
1293,1297
1293,1304
1293,1309
1293,1310
1293,1315
1294,1295
1296,1297
1296,1298
1296,1299
1296,1300
1296,1301
1296,1314
1296,1324
1297,1298
1297,1299
1297,1300
1297,1301
1297,1302
1297,1310
1297,1325
1298,1299
1298,1300
1298,1301
1299,1300
1299,1301
1300,1301
1303,1304
1303,1305
1303,1306
1303,1307
1303,1308
1304,1305
1304,1306
1304,1307
1304,1308
1305,1306
1305,1307
1305,1308
1306,1307
1306,1308
1307,1308
1307,1309
1307,1314
1308,1310
1308,1315
1309,1310
1309,1311
1309,1312
1309,1313
1309,1314
1309,1334
1310,1311
1310,1312
1310,1313
1310,1315
1310,1320
1310,1325
1310,1327
1311,1312
1311,1313
1312,1313
1314,1315
1314,1316
1314,1317
1314,1318
1314,1319
1314,1320
1314,1321
1315,1316
1315,1317
1315,1318
1315,1319
1315,1320
1315,1321
1316,1317
1316,1318
1316,1319
1316,1320
1316,1321
1317,1318
1317,1319
1317,1320
1317,1321
1318,1319
1318,1320
1318,1321
1319,1320
1319,1321
1319,1324
1319,1325
1319,1326
1319,1327
1320,1321
1322,1323
1324,1325
1324,1326
1324,1327
1324,1328
1324,1329
1324,1333
1324,1375
1325,1326
1325,1327
1325,1328
1325,1330
1325,1333
1326,1327
1326,1328
1326,1330
1326,1333
1326,1371
1326,1375
1327,1328
1327,1330
1327,1333
1327,1334
1327,1375
1329,1330
1329,1331
1329,1332
1330,1331
1330,1332
1331,1332
1333,1334
1333,1335
1333,1336
1333,1337
1333,1338
1333,1339
1333,1340
1334,1335
1334,1336
1334,1337
1334,1338
1334,1339
1334,1340
1335,1336
1335,1337
1335,1338
1335,1339
1335,1340
1336,1337
1336,1338
1336,1339
1336,1340
1337,1338
1337,1339
1337,1340
1338,1339
1338,1340
1339,1340
1341,1342
1341,1343
1342,1343
1344,1345
1344,1346
1344,1347
1345,1346
1345,1347
1346,1347
1348,1349
1350,1351
1350,1352
1350,1353
1350,1354
1350,1355
1351,1352
1351,1353
1351,1354
1351,1355
1352,1353
1352,1354
1352,1355
1353,1354
1353,1355
1354,1355
1356,1357
1356,1358
1356,1359
1356,1360
1357,1358
1357,1359
1357,1360
1358,1359
1358,1360
1359,1360
1361,1362
1361,1363
1361,1364
1362,1363
1362,1364
1363,1364
1365,1366
1365,1367
1365,1368
1365,1369
1366,1367
1366,1368
1366,1369
1367,1368
1367,1369
1368,1369
1370,1371
1370,1372
1370,1373
1370,1374
1370,1375
1371,1372
1371,1373
1371,1374
1371,1375
1372,1373
1372,1374
1372,1375
1373,1374
1373,1375
1374,1375
1376,1377
1378,1379
1378,1380
1379,1380
1381,1382
1381,1383
1381,1384
1381,1385
1382,1383
1382,1384
1382,1385
1383,1384
1383,1385
1384,1385
